SiteName,SiteCode,Replicate,Family,Genus,Species,Stage,MaxN.by.stage,MaxN,SpeciesName
Cartago1,CAR,1,Carangidae,Caranx,caballus,,1,1,Caranx caballus
Cartago1,CAR,1,Carangidae,Caranx,caninus,,2,2,Caranx caninus
Cartago1,CAR,1,Gerreidae,Eucinostomus,dowii,,6,6,Eucinostomus dowii
Cartago1,CAR,1,Gerreidae,Eucinostomus,sp,,2,2,Eucinostomus sp
Cartago1,CAR,1,Haemulidae,Haemulon,steindachneri,,1,1,Haemulon steindachneri
Cartago1,CAR,1,Haemulidae,Orthopristis,forbesi,,2,2,Orthopristis forbesi
Cartago1,CAR,1,Haemulidae,Orthopristis,lethopristis,,1,1,Orthopristis lethopristis
Cartago1,CAR,1,Labridae,Bodianus,diplotaenia,AD,1,1,Bodianus diplotaenia
Cartago1,CAR,1,Labridae,Bodianus,diplotaenia,F,1,1,Bodianus diplotaenia
Cartago1,CAR,1,Labridae,Thalassoma,lucasanum,AD,1,1,Thalassoma lucasanum
Cartago1,CAR,1,Lutjanidae,Lutjanus,argentiventris,,2,2,Lutjanus argentiventris
Cartago1,CAR,1,Lutjanidae,Lutjanus,novemfasciatus,,1,1,Lutjanus novemfasciatus
Cartago1,CAR,1,Pomacentridae,Abudefduf,troschelii,,1,1,Abudefduf troschelii
Cartago1,CAR,1,Pomacentridae,Microspathodon,bairdii,,2,2,Microspathodon bairdii
Cartago1,CAR,1,Pomacentridae,Stegastes,arcifrons,,8,8,Stegastes arcifrons
Cartago1,CAR,1,Scaridae,,sp,J,40,40,Scaridae sp
Cartago1,CAR,1,Schoolsilveryfish,,sp,,76,76,Schoolsilveryfish sp
Cartago1,CAR,1,Serranidae,Epinephelus,labriformis,,1,1,Epinephelus labriformis
Cartago1,CAR,1,Serranidae,Mycteroperca,olfax,,3,3,Mycteroperca olfax
Cartago1,CAR,1,Sparidae,Archosargus,pourtalesii,,4,4,Archosargus pourtalesii
Cartago1,CAR,1,Tetraodontidae,Sphoeroides,annulatus,,24,24,Sphoeroides annulatus
Cartago2,CAR,2,Acanthuridae,Prionurus,laticlavius,,1,1,Prionurus laticlavius
Cartago2,CAR,2,Chaetodontidae,Chaetodon,humeralis,,2,2,Chaetodon humeralis
Cartago2,CAR,2,Gerreidae,Eucinostomus,dowii,,2,2,Eucinostomus dowii
Cartago2,CAR,2,Haemulidae,Haemulon,steindachneri,,2,2,Haemulon steindachneri
Cartago2,CAR,2,Haemulidae,Orthopristis,cantharinus,,4,4,Orthopristis cantharinus
Cartago2,CAR,2,Haemulidae,Orthopristis,forbesi,,3,3,Orthopristis forbesi
Cartago2,CAR,2,Labridae,Bodianus,diplotaenia,,2,2,Bodianus diplotaenia
Cartago2,CAR,2,Labridae,Bodianus,diplotaenia,AD,1,2,Bodianus diplotaenia
Cartago2,CAR,2,Labridae,Thalassoma,lucasanum,,2,2,Thalassoma lucasanum
Cartago2,CAR,2,Pomacanthidae,Holacanthus,passer,,1,1,Holacanthus passer
Cartago2,CAR,2,Pomacentridae,Stegastes,arcifrons,,12,12,Stegastes arcifrons
Cartago2,CAR,2,Scaridae,Scarus,ghobban,,4,4,Scarus ghobban
Cartago2,CAR,2,Schoolsilveryfish,,sp,,200,200,Schoolsilveryfish sp
Cartago2,CAR,2,Serranidae,Epinephelus,labriformis,,2,2,Epinephelus labriformis
Cartago2,CAR,2,Serranidae,Mycteroperca,olfax,,5,5,Mycteroperca olfax
Cartago2,CAR,2,Serranidae,Serranus,psittacinus,,2,2,Serranus psittacinus
Cartago2,CAR,2,Carcharhinidae,Carcharhinus,limbatus,,1,1,Carcharhinus limbatus
Cartago2,CAR,2,Haemulidae,,sp,J,1000,1000,Haemulidae sp
Cartago2,CAR,2,Haemulidae,Haemulon,scudderii,,2,2,Haemulon scudderii
Cartago2,CAR,2,Haemulidae,Orthopristis,lethopristis,,1,1,Orthopristis lethopristis
Cartago2,CAR,2,Lutjanidae,Hoplopagrus,guentherii,,1,1,Hoplopagrus guentherii
Cartago2,CAR,2,Lutjanidae,Lutjanus,argentiventris,,9,9,Lutjanus argentiventris
Cartago2,CAR,2,Lutjanidae,Lutjanus,novemfasciatus,,2,2,Lutjanus novemfasciatus
Cartago2,CAR,2,Mugilidae,Mugil,curema,,1,1,Mugil curema
Cartago2,CAR,2,Otariidae,Zalophus,wollebaeki,F,1,1,Zalophus wollebaeki
Cartago2,CAR,2,Pomacentridae,Abudefduf,troschelii,,7,7,Abudefduf troschelii
Cartago2,CAR,2,Sparidae,Archosargus,pourtalesii,,4,4,Archosargus pourtalesii
Cartago2,CAR,2,Tetraodontidae,Sphoeroides,annulatus,,36,36,Sphoeroides annulatus
Cartago3,CAR,3,Carangidae,Caranx,caballus,,9,9,Caranx caballus
Cartago3,CAR,3,Carangidae,Caranx,caballus,J,1,9,Caranx caballus
Cartago3,CAR,3,Carangidae,Selar,crumenophthalmus,,500,500,Selar crumenophthalmus
Cartago3,CAR,3,Carcharhinidae,Carcharhinus,limbatus,,7,7,Carcharhinus limbatus
Cartago3,CAR,3,Gerreidae,Eucinostomus,currani,,2,2,Eucinostomus currani
Cartago3,CAR,3,Gerreidae,Eucinostomus,dowii,,8,8,Eucinostomus dowii
Cartago3,CAR,3,Haemulidae,Haemulon,scudderii,,5,5,Haemulon scudderii
Cartago3,CAR,3,Haemulidae,Haemulon,scudderii,J,1,5,Haemulon scudderii
Cartago3,CAR,3,Haemulidae,Haemulon,steindachneri,AD,2,2,Haemulon steindachneri
Cartago3,CAR,3,Haemulidae,Orthopristis,cantharinus,,1,1,Orthopristis cantharinus
Cartago3,CAR,3,Labridae,Bodianus,diplotaenia,AD,1,2,Bodianus diplotaenia
Cartago3,CAR,3,Labridae,Bodianus,diplotaenia,J,2,2,Bodianus diplotaenia
Cartago3,CAR,3,Labridae,Halichoeres,dispilus,AD,1,1,Halichoeres dispilus
Cartago3,CAR,3,Labridae,Thalassoma,lucasanum,,3,3,Thalassoma lucasanum
Cartago3,CAR,3,Lutjanidae,Hoplopagrus,guentherii,,1,1,Hoplopagrus guentherii
Cartago3,CAR,3,Lutjanidae,Lutjanus,argentiventris,,2,2,Lutjanus argentiventris
Cartago3,CAR,3,Lutjanidae,Lutjanus,novemfasciatus,,10,10,Lutjanus novemfasciatus
Cartago3,CAR,3,Myliobatidae,Aetobatus,laticeps,,1,1,Aetobatus laticeps
Cartago3,CAR,3,Pomacentridae,Stegastes,arcifrons,,9,9,Stegastes arcifrons
Cartago3,CAR,3,Serranidae,Epinephelus,labriformis,,2,2,Epinephelus labriformis
Cartago3,CAR,3,Serranidae,Mycteroperca,olfax,,2,2,Mycteroperca olfax
Cartago3,CAR,3,Serranidae,Serranus,psittacinus,,1,1,Serranus psittacinus
Cartago3,CAR,3,Sparidae,Archosargus,pourtalesii,,5,5,Archosargus pourtalesii
Cartago3,CAR,3,Tetraodontidae,Sphoeroides,annulatus,,19,19,Sphoeroides annulatus
Cartago4,CAR,4,Carangidae,Caranx,caballus,,5,5,Caranx caballus
Cartago4,CAR,4,Carangidae,Selar,crumenophthalmus,,1,1,Selar crumenophthalmus
Cartago4,CAR,4,Carcharhinidae,Carcharhinus,limbatus,,2,2,Carcharhinus limbatus
Cartago4,CAR,4,Cheloniidae,Chelonia ,mydas,,1,1,Chelonia  mydas
Cartago4,CAR,4,Dasyatidae,Dasyatis,sp,,1,1,Dasyatis sp
Cartago4,CAR,4,Gerreidae,Eucinostomus,sp,,3,3,Eucinostomus sp
Cartago4,CAR,4,Haemulidae,,sp,J,1000,1000,Haemulidae sp
Cartago4,CAR,4,Lutjanidae,Hoplopagrus,guentherii,,1,1,Hoplopagrus guentherii
Cartago4,CAR,4,Lutjanidae,Lutjanus,novemfasciatus,,2,2,Lutjanus novemfasciatus
Cartago4,CAR,4,Dasyatidae,,sp,,1,1,Dasyatidae sp
Cartago4,CAR,4,Rhinopteridae,Rhinoptera,steindachneri,,3,3,Rhinoptera steindachneri
Cartago4,CAR,4,Schoolsilveryfish,,sp,,200,200,Schoolsilveryfish sp
Cartago4,CAR,4,Schoolsilveryfish,,s1,,500,500,Schoolsilveryfish sp
Cartago4,CAR,4,Scombridae,Scomberomorus,sierra,,2,2,Scomberomorus sierra
Cartago4,CAR,4,Sparidae,Archosargus,pourtalesii,,2,2,Archosargus pourtalesii
Cartago4,CAR,4,Tetraodontidae,Sphoeroides,annulatus,,7,7,Sphoeroides annulatus
Cartago5,CAR,5,Carcharhinidae,Carcharhinus,limbatus,NA,2,2,Carcharhinus limbatus
Cartago5,CAR,5,Gerreidae,Eucinostomus,currani,NA,1,1,Eucinostomus currani
Cartago5,CAR,5,Gerreidae,Eucinostomus,sp,NA,3,3,Eucinostomus sp
Cartago5,CAR,5,Gerreidae,Gerres,simillimus,NA,2,2,Gerres simillimus
Cartago5,CAR,5,Scombridae,Scomberomorus,sierra,NA,2,2,Scomberomorus sierra
Cartago5,CAR,5,Sparidae,Archosargus,pourtalesii,NA,5,5,Archosargus pourtalesii
Cartago5,CAR,5,Tetraodontidae,Sphoeroides,annulatus,NA,6,6,Sphoeroides annulatus
Cartago6,CAR,6,Carangidae,,sp,,10,10,Carangidae sp
Cartago6,CAR,6,Carangidae,Caranx,caballus,,10,10,Caranx caballus
Cartago6,CAR,6,Carangidae,Caranx,caninus,J,1,1,Caranx caninus
Cartago6,CAR,6,Carcharhinidae,Carcharhinus,limbatus,,1,1,Carcharhinus limbatus
Cartago6,CAR,6,Cheloniidae,Chelonia ,mydas,F,1,1,Chelonia  mydas
Cartago6,CAR,6,Gerreidae,Gerres,simillimus,,2,2,Gerres simillimus
Cartago6,CAR,6,Haemulidae,Haemulon,scudderii,,1,1,Haemulon scudderii
Cartago6,CAR,6,Lutjanidae,Lutjanus,argentiventris,,2,2,Lutjanus argentiventris
Cartago6,CAR,6,Scombridae,Scomberomorus,sierra,,2,2,Scomberomorus sierra
Cartago6,CAR,6,Serranidae,Epinephelus,labriformis,,1,1,Epinephelus labriformis
Cartago6,CAR,6,Serranidae,Mycteroperca,olfax,,1,1,Mycteroperca olfax
Cartago6,CAR,6,Sparidae,Archosargus,pourtalesii,,6,6,Archosargus pourtalesii
Cartago6,CAR,6,Tetraodontidae,Sphoeroides,angusticeps,,1,1,Sphoeroides angusticeps
Cartago6,CAR,6,Tetraodontidae,Sphoeroides,annulatus,,10,10,Sphoeroides annulatus
CartagoChico2,CARC,2,Carangidae,Caranx,sp,,1,1,Caranx sp
CartagoChico2,CARC,2,Gerreidae,Eucinostomus,currani,,1,1,Eucinostomus currani
CartagoChico2,CARC,2,Gerreidae,Eucinostomus,sp,,11,11,Eucinostomus sp
CartagoChico2,CARC,2,Haemulidae,Haemulon,sp,J,1000,1000,Haemulon sp
CartagoChico2,CARC,2,Labridae,,sp,AD,1,1,Labridae sp
CartagoChico2,CARC,2,Labridae,Halichoeres,dispilus,AD,1,1,Halichoeres dispilus
CartagoChico2,CARC,2,Otariidae,Zalophus,wollebaeki,F,3,3,Zalophus wollebaeki
CartagoChico2,CARC,2,Pomacentridae,Abudefduf,troschelii,,1,1,Abudefduf troschelii
CartagoChico2,CARC,2,Pomacentridae,Stegastes,arcifrons,,6,6,Stegastes arcifrons
CartagoChico2,CARC,2,Schoolsilveryfish,,sp,,100,100,Schoolsilveryfish sp
CartagoChico2,CARC,2,Tetraodontidae,Sphoeroides,annulatus,,1,1,Sphoeroides annulatus
CartagoChico3,CARC,3,Cheloniidae,Chelonia ,mydas,NA,1,1,Chelonia  mydas
CartagoChico3,CARC,3,Gerreidae,Eucinostomus,currani,NA,2,2,Eucinostomus currani
CartagoChico3,CARC,3,Gerreidae,Eucinostomus,dowii,NA,1,1,Eucinostomus dowii
CartagoChico3,CARC,3,Haemulidae,Haemulon,scudderii,NA,1,1,Haemulon scudderii
CartagoChico3,CARC,3,Labridae,,sp,NA,6,6,Labridae sp
CartagoChico3,CARC,3,Ophichthidae,,sp,NA,1,1,Ophichthidae sp
CartagoChico3,CARC,3,Pomacentridae,Stegastes,arcifrons,NA,3,3,Stegastes arcifrons
CartagoChico3,CARC,3,Schoolsilveryfish,,sp,NA,33,33,Schoolsilveryfish sp
CartagoChico3,CARC,3,Tetraodontidae,Sphoeroides,annulatus,NA,18,18,Sphoeroides annulatus
Cartago7,CAR,7,Carangidae,Caranx,caballus,,26,26,Caranx caballus
Cartago7,CAR,7,Chaetodontidae,Chaetodon,humeralis,,2,2,Chaetodon humeralis
Cartago7,CAR,7,Gerreidae,Eucinostomus,dowii,,1,1,Eucinostomus dowii
Cartago7,CAR,7,Gerreidae,Eucinostomus,sp,,3,3,Eucinostomus sp
Cartago7,CAR,7,Haemulidae,Haemulon,scudderii,,3,3,Haemulon scudderii
Cartago7,CAR,7,Labridae,Bodianus,diplotaenia,AD,1,1,Bodianus diplotaenia
Cartago7,CAR,7,Lutjanidae,Lutjanus,argentiventris,,1,1,Lutjanus argentiventris
Cartago7,CAR,7,Muraenidae,Gymnothorax,dovii,,1,1,Gymnothorax dovii
Cartago7,CAR,7,Pomacentridae,Stegastes,arcifrons,,5,5,Stegastes arcifrons
Cartago7,CAR,7,Schoolsilveryfish,,sp,,14,14,Schoolsilveryfish sp
Cartago7,CAR,7,Serranidae,Epinephelus,labriformis,,1,1,Epinephelus labriformis
Cartago7,CAR,7,Serranidae,Mycteroperca,olfax,,6,6,Mycteroperca olfax
Cartago7,CAR,7,Tetraodontidae,Sphoeroides,annulatus,,21,21,Sphoeroides annulatus
Cartago8,CAR,8,Carangidae,Caranx,caballus,,80,80,Caranx caballus
Cartago8,CAR,8,Carangidae,Caranx,caballus,J,1,80,Caranx caballus
Cartago8,CAR,8,Carcharhinidae,Carcharhinus,limbatus,,2,3,Carcharhinus limbatus
Cartago8,CAR,8,Carcharhinidae,Carcharhinus,limbatus,F,1,3,Carcharhinus limbatus
Cartago8,CAR,8,Chaetodontidae,Chaetodon,humeralis,,2,2,Chaetodon humeralis
Cartago8,CAR,8,Gerreidae,Eucinostomus,currani,,2,2,Eucinostomus currani
Cartago8,CAR,8,Gerreidae,Eucinostomus,dowii,,2,2,Eucinostomus dowii
Cartago8,CAR,8,Gerreidae,Eucinostomus,sp,,4,4,Eucinostomus sp
Cartago8,CAR,8,Haemulidae,Haemulon,scudderii,,6,6,Haemulon scudderii
Cartago8,CAR,8,Labridae,Bodianus,diplotaenia,,5,5,Bodianus diplotaenia
Cartago8,CAR,8,Labridae,Bodianus,diplotaenia,AD,1,5,Bodianus diplotaenia
Cartago8,CAR,8,Lutjanidae,Hoplopagrus,guentherii,,1,1,Hoplopagrus guentherii
Cartago8,CAR,8,Lutjanidae,Lutjanus,argentiventris,,3,3,Lutjanus argentiventris
Cartago8,CAR,8,Lutjanidae,Lutjanus,novemfasciatus,,1,1,Lutjanus novemfasciatus
Cartago8,CAR,8,Lutjanidae,Lutjanus,sp,,4,4,Lutjanus sp
Cartago8,CAR,8,Pomacentridae,Abudefduf,troschelii,,4,4,Abudefduf troschelii
Cartago8,CAR,8,Pomacentridae,Stegastes,arcifrons,,8,8,Stegastes arcifrons
Cartago8,CAR,8,Scaridae,Scarus,ghobban,,8,8,Scarus ghobban
Cartago8,CAR,8,Scaridae,Scarus,rubroviolaceus,,1,1,Scarus rubroviolaceus
Cartago8,CAR,8,Serranidae,Epinephelus,labriformis,,3,3,Epinephelus labriformis
Cartago8,CAR,8,Serranidae,Mycteroperca,olfax,,2,2,Mycteroperca olfax
Cartago8,CAR,8,Sparidae,Archosargus,pourtalesii,,7,7,Archosargus pourtalesii
Cartago8,CAR,8,Tetraodontidae,Sphoeroides,annulatus,,19,19,Sphoeroides annulatus
Cartago9,CAR,9,Acanthuridae,Prionurus,laticlavius,NA,4,4,Prionurus laticlavius
Cartago9,CAR,9,Carangidae,Caranx,caballus,NA,18,18,Caranx caballus
Cartago9,CAR,9,Carcharhinidae,Carcharhinus,limbatus,NA,5,5,Carcharhinus limbatus
Cartago9,CAR,9,Carcharhinidae,Carcharhinus,limbatus,NA,1,5,Carcharhinus limbatus
Cartago9,CAR,9,Cheloniidae,Chelonia ,mydas,NA,1,1,Chelonia  mydas
Cartago9,CAR,9,Gerreidae,Eucinostomus,sp,NA,4,4,Eucinostomus sp
Cartago9,CAR,9,Haemulidae,Anisotremus,interruptus,NA,6,6,Anisotremus interruptus
Cartago9,CAR,9,Haemulidae,Haemulon,scudderii,NA,4,4,Haemulon scudderii
Cartago9,CAR,9,Lutjanidae,Lutjanus,argentiventris,NA,25,25,Lutjanus argentiventris
Cartago9,CAR,9,Lutjanidae,Lutjanus,novemfasciatus,NA,4,4,Lutjanus novemfasciatus
Cartago9,CAR,9,Pomacentridae,Abudefduf,troschelii,NA,3,3,Abudefduf troschelii
Cartago9,CAR,9,Pomacentridae,Stegastes,arcifrons,NA,3,3,Stegastes arcifrons
Cartago9,CAR,9,Rhinopteridae,Rhinoptera,steindachneri,NA,1,1,Rhinoptera steindachneri
Cartago9,CAR,9,Scaridae,Scarus,ghobban,NA,3,3,Scarus ghobban
Cartago9,CAR,9,Serranidae,Epinephelus,labriformis,NA,1,1,Epinephelus labriformis
Cartago9,CAR,9,Serranidae,Mycteroperca,olfax,NA,1,1,Mycteroperca olfax
Cartago9,CAR,9,Sparidae,Archosargus,pourtalesii,NA,3,3,Archosargus pourtalesii
Cartago9,CAR,9,Tetraodontidae,Sphoeroides,annulatus,NA,4,4,Sphoeroides annulatus
Albemarle1,ALB,1,Carcharhinidae,Carcharhinus,limbatus,,1,1,Carcharhinus limbatus
Albemarle1,ALB,1,Chaetodontidae,Chaetodon,humeralis,,5,5,Chaetodon humeralis
Albemarle1,ALB,1,Gerreidae,Eucinostomus,sp,,15,15,Eucinostomus sp
Albemarle1,ALB,1,Haemulidae,Haemulon,sp,J,2,2,Haemulon sp
Albemarle1,ALB,1,Labridae,Halichoeres,dispilus,,1,1,Halichoeres dispilus
Albemarle1,ALB,1,Mugilidae,Mugil,cephalus,,30,30,Mugil cephalus
Albemarle1,ALB,1,Otariidae,Zalophus,wollebaeki,F,1,1,Zalophus wollebaeki
Albemarle1,ALB,1,Pomacanthidae,Holacanthus,passer,,1,1,Holacanthus passer
Albemarle1,ALB,1,Pomacentridae,Stegastes,arcifrons,,12,12,Stegastes arcifrons
Albemarle1,ALB,1,Serranidae,Mycteroperca,olfax,,2,2,Mycteroperca olfax
Albemarle1,ALB,1,Tetraodontidae,Sphoeroides,annulatus,,3,3,Sphoeroides annulatus
Albemarle2,ALB,2,Balistidae,Balistes,polylepis,,1,1,Balistes polylepis
Albemarle2,ALB,2,Carcharhinidae,Carcharhinus,limbatus,,1,1,Carcharhinus limbatus
Albemarle2,ALB,2,Chaetodontidae,Chaetodon,humeralis,,2,2,Chaetodon humeralis
Albemarle2,ALB,2,Gerreidae,Eucinostomus,currani,,1,1,Eucinostomus currani
Albemarle2,ALB,2,Gerreidae,Eucinostomus,sp,,1,1,Eucinostomus sp
Albemarle2,ALB,2,Haemulidae,Xenocys,jessiae,,300,300,Xenocys jessiae
Albemarle2,ALB,2,Labridae,Bodianus,diplotaenia,AD,2,2,Bodianus diplotaenia
Albemarle2,ALB,2,Mugilidae,Mugil,curema,,50,50,Mugil curema
Albemarle2,ALB,2,Mugilidae,Mugil,sp,,5,5,Mugil sp
Albemarle2,ALB,2,Myliobatidae,Aetobatus,laticeps,,1,1,Aetobatus laticeps
Albemarle2,ALB,2,Pomacentridae,Stegastes,arcifrons,,4,4,Stegastes arcifrons
Albemarle2,ALB,2,Scaridae,,sp,,8,8,Scaridae sp
Albemarle2,ALB,2,Scaridae,Scarus,ghobban,,8,8,Scarus ghobban
Albemarle2,ALB,2,Serranidae,Epinephelus,labriformis,,2,2,Epinephelus labriformis
Albemarle2,ALB,2,Serranidae,Mycteroperca,olfax,,3,3,Mycteroperca olfax
Albemarle2,ALB,2,Tetraodontidae,Sphoeroides,annulatus,,7,7,Sphoeroides annulatus
Albemarle3,ALB,3,Chaetodontidae,Chaetodon,humeralis,,1,1,Chaetodon humeralis
Albemarle3,ALB,3,Cheloniidae,Chelonia ,mydas,F,1,1,Chelonia  mydas
Albemarle3,ALB,3,Labridae,Bodianus,diplotaenia,,1,2,Bodianus diplotaenia
Albemarle3,ALB,3,Labridae,Bodianus,diplotaenia,AD,2,2,Bodianus diplotaenia
Albemarle3,ALB,3,Labridae,Halichoeres,dispilus,,1,1,Halichoeres dispilus
Albemarle3,ALB,3,Labridae,Thalassoma,grammaticum,,1,1,Thalassoma grammaticum
Albemarle3,ALB,3,Labridae,Thalassoma,lucasanum,,4,4,Thalassoma lucasanum
Albemarle3,ALB,3,Mugilidae,Mugil,curema,,4,4,Mugil curema
Albemarle3,ALB,3,Mugilidae,Mugil,sp,,35,35,Mugil sp
Albemarle3,ALB,3,Pomacentridae,Abudefduf,troschelii,,2,2,Abudefduf troschelii
Albemarle3,ALB,3,Pomacentridae,Stegastes,arcifrons,,24,24,Stegastes arcifrons
Albemarle3,ALB,3,Scaridae,Scarus,ghobban,,1,1,Scarus ghobban
Albemarle3,ALB,3,Serranidae,Mycteroperca,olfax,,2,2,Mycteroperca olfax
Albemarle3,ALB,3,Tetraodontidae,Arothron,meleagris,,1,1,Arothron meleagris
PuntaEspinoza1,PUNE,1,Carcharhinidae,Carcharhinus,limbatus,,1,1,Carcharhinus limbatus
PuntaEspinoza1,PUNE,1,Carcharhinidae,Triaenodon,obesus,F,1,1,Triaenodon obesus
PuntaEspinoza1,PUNE,1,Haemulidae,Anisotremus,interruptus,,7,7,Anisotremus interruptus
PuntaEspinoza1,PUNE,1,Lutjanidae,Lutjanus,aratus,,1,1,Lutjanus aratus
PuntaEspinoza1,PUNE,1,Lutjanidae,Lutjanus,argentiventris,,18,18,Lutjanus argentiventris
PuntaEspinoza1,PUNE,1,Lutjanidae,Lutjanus,novemfasciatus,,2,2,Lutjanus novemfasciatus
PuntaEspinoza1,PUNE,1,Myliobatidae,Aetobatus,laticeps,,1,1,Aetobatus laticeps
PuntaEspinoza1,PUNE,1,Myliobatidae,Aetobatus,laticeps,M,1,1,Aetobatus laticeps
PuntaEspinoza1,PUNE,1,Myliobatidae,Aetobatus,sp,,1,1,Aetobatus sp
PuntaEspinoza1,PUNE,1,Otariidae,Zalophus,wollebaeki,F,1,1,Zalophus wollebaeki
PuntaEspinoza1,PUNE,1,Pomacentridae,Abudefduf,troschelii,,1,1,Abudefduf troschelii
PuntaEspinoza1,PUNE,1,Tetraodontidae,Sphoeroides,annulatus,,5,5,Sphoeroides annulatus
PuntaEspinoza2,PUNE,2,Cheloniidae,Chelonia ,mydas,F,1,1,Chelonia  mydas
PuntaEspinoza2,PUNE,2,Dasyatidae,Dasyatis,brevis,M,1,1,Dasyatis brevis
PuntaEspinoza2,PUNE,2,Haemulidae,Orthopristis,cantharinus,,1,1,Orthopristis cantharinus
PuntaEspinoza2,PUNE,2,Labridae,Bodianus,diplotaenia,AD,1,1,Bodianus diplotaenia
PuntaEspinoza2,PUNE,2,Labrisomidae,Labrisomus,dendriticus,,1,1,Labrisomus dendriticus
PuntaEspinoza2,PUNE,2,Otariidae,Zalophus,wollebaeki,F,2,2,Zalophus wollebaeki
PuntaEspinoza2,PUNE,2,Pomacentridae,Abudefduf,troschelii,,1,1,Abudefduf troschelii
PuntaEspinoza2,PUNE,2,Pomacentridae,Stegastes,arcifrons,,17,17,Stegastes arcifrons
PuntaEspinoza2,PUNE,2,Pomacentridae,Stegastes,beebei,,3,3,Stegastes beebei
PuntaEspinoza2,PUNE,2,Scaridae,,sp,,2,2,Scaridae sp
PuntaEspinoza2,PUNE,2,Scaridae,Scarus,ghobban,,2,2,Scarus ghobban
PuntaEspinoza2,PUNE,2,Serranidae,Epinephelus,labriformis,,3,3,Epinephelus labriformis
PuntaEspinoza2,PUNE,2,Serranidae,Mycteroperca,olfax,,1,1,Mycteroperca olfax
PuntaEspinoza2,PUNE,2,Tetraodontidae,Sphoeroides,annulatus,,2,2,Sphoeroides annulatus
PuntaEspinoza3,PUNE,3,Dasyatidae,Dasyatis,brevis,,1,1,Dasyatis brevis
PuntaEspinoza3,PUNE,3,Dasyatidae,Dasyatis,brevis,F,1,1,Dasyatis brevis
PuntaEspinoza3,PUNE,3,Dasyatidae,Dasyatis,brevis,M,1,1,Dasyatis brevis
PuntaEspinoza3,PUNE,3,Gerreidae,Eucinostomus,sp,,1,1,Eucinostomus sp
PuntaEspinoza3,PUNE,3,Labridae,Thalassoma,lucasanum,,4,4,Thalassoma lucasanum
PuntaEspinoza3,PUNE,3,Lutjanidae,Lutjanus,viridis,,8,8,Lutjanus viridis
PuntaEspinoza3,PUNE,3,Mugilidae,Mugil,sp,,50,50,Mugil sp
PuntaEspinoza3,PUNE,3,Myliobatidae,Aetobatus,laticeps,M,1,1,Aetobatus laticeps
PuntaEspinoza3,PUNE,3,Pomacentridae,Stegastes,arcifrons,,1,1,Stegastes arcifrons
PuntaEspinoza3,PUNE,3,Pomacentridae,Stegastes,sp,,4,4,Stegastes sp
PuntaEspinoza3,PUNE,3,Serranidae,Mycteroperca,olfax,,1,1,Mycteroperca olfax
PuntaEspinoza3,PUNE,3,Sparidae,Archosargus,pourtalesii,,15,15,Archosargus pourtalesii
PuntaEspinoza3,PUNE,3,Tetraodontidae,Sphoeroides,annulatus,,7,7,Sphoeroides annulatus
PatillosOut1,POZP_O,1,Dasyatidae,Dasyatis,brevis,NA,1,1,Dasyatis brevis
PatillosOut1,POZP_O,1,Mugilidae,Mugil,cephalus,NA,1,1,Mugil cephalus
PatillosOut1,POZP_O,1,Mugilidae,Mugil,curema,NA,2,2,Mugil curema
PatillosOut1,POZP_O,1,Mugilidae,Mugil,sp,NA,6,6,Mugil sp
PatillosOut1,POZP_O,1,Pomacentridae,Stegastes,arcifrons,NA,2,2,Stegastes arcifrons
PatillosOut1,POZP_O,1,Pomacentridae,Stegastes,sp,NA,2,2,Stegastes sp
PatillosOut1,POZP_O,1,Sparidae,Archosargus,pourtalesii,NA,1,1,Archosargus pourtalesii
PatillosOut1,POZP_O,1,Tetraodontidae,Sphoeroides,annulatus,NA,5,5,Sphoeroides annulatus
PatillosOut2,POZP_O,2,Gerreidae,Eucinostomus,sp,NA,4,4,Eucinostomus sp
PatillosOut2,POZP_O,2,Gerreidae,Gerres,simillimus,NA,1,1,Gerres simillimus
PatillosOut2,POZP_O,2,Kyphosidae,Girella,freminvilli,NA,1,1,Girella freminvillii
PatillosOut2,POZP_O,2,Mugilidae,Mugil,sp,NA,3,3,Mugil sp
PatillosOut2,POZP_O,2,Tetraodontidae,,sp,NA,1,1,Tetraodontidae sp
PatillosOut2,POZP_O,2,Tetraodontidae,Sphoeroides,annulatus,NA,4,4,Sphoeroides annulatus
PatillosOut3,POZP_O,3,Cheloniidae,Chelonia ,mydas,F,1,1,Chelonia  mydas
PatillosOut3,POZP_O,3,Cheloniidae,Chelonia ,mydas,M,1,1,Chelonia  mydas
PatillosOut3,POZP_O,3,Dasyatidae,Dasyatis,brevis,,1,2,Dasyatis brevis
PatillosOut3,POZP_O,3,Dasyatidae,Dasyatis,brevis,M,1,2,Dasyatis brevis
PatillosOut3,POZP_O,3,Gerreidae,Eucinostomus,sp,,1,1,Eucinostomus sp
PatillosOut3,POZP_O,3,Haemulidae,,sp,,6,6,Haemulidae sp
PatillosOut3,POZP_O,3,Mugilidae,Mugil,curema,,1,1,Mugil curema
PatillosOut3,POZP_O,3,Mugilidae,Mugil,galapagensis,,1,1,Mugil galapagensis
PatillosOut3,POZP_O,3,Mugilidae,Mugil,sp,,100,100,Mugil sp
PatillosOut3,POZP_O,3,Mullidae,Pseudupeneus,grandisquamis,,1,1,Pseudupeneus grandisquamis
PatillosOut3,POZP_O,3,Pomacentridae,Stegastes,arcifrons,,1,1,Stegastes arcifrons
PatillosOut3,POZP_O,3,Pomacentridae,Stegastes,beebei,,1,1,Stegastes beebei
PatillosOut3,POZP_O,3,Pomacentridae,Stegastes,sp,,3,3,Stegastes sp
PatillosOut3,POZP_O,3,Serranidae,Serranus,psittacinus,,1,1,Serranus psittacinus
PatillosOut3,POZP_O,3,Tetraodontidae,Sphoeroides,annulatus,,8,8,Sphoeroides annulatus
PatillosIn1,POZP_I,1,Cheloniidae,Chelonia ,mydas,NA,1,1,Chelonia  mydas
PatillosIn1,POZP_I,1,Lutjanidae,Hoplopagrus,guentherii,NA,1,1,Hoplopagrus guentherii
PatillosIn1,POZP_I,1,Lutjanidae,Lutjanus,argentiventris,NA,31,31,Lutjanus argentiventris
PatillosIn1,POZP_I,1,Lutjanidae,Lutjanus,novemfasciatus,NA,1,1,Lutjanus novemfasciatus
PatillosIn1,POZP_I,1,Phalacrocoracidae,Phalacrocorax,harrisi,NA,1,1,Phalacrocorax harrisi
PatillosIn1,POZP_I,1,Pomacentridae,Abudefduf,troschelii,NA,4,4,Abudefduf troschelii
PatillosIn1,POZP_I,1,Pomacentridae,Stegastes,arcifrons,NA,29,29,Stegastes arcifrons
PatillosIn1,POZP_I,1,Serranidae,Epinephelus,labriformis,NA,1,1,Epinephelus labriformis
PatillosIn1,POZP_I,1,Serranidae,Mycteroperca,olfax,NA,3,3,Mycteroperca olfax
PatillosIn1,POZP_I,1,Tetraodontidae,Sphoeroides,annulatus,NA,2,2,Sphoeroides annulatus
PatillosIn2,POZP_I,2,Cheloniidae,Chelonia ,mydas,NA,1,2,Chelonia  mydas
PatillosIn2,POZP_I,2,Cheloniidae,Chelonia ,mydas,NA,1,2,Chelonia  mydas
PatillosIn2,POZP_I,2,Gecarcinidae,Cardisoma,crassum,NA,1,1,Cardisoma crassum
PatillosIn2,POZP_I,2,Gerreidae,Eucinostomus,currani,NA,3,3,Eucinostomus currani
PatillosIn2,POZP_I,2,Gerreidae,Eucinostomus,sp,NA,4,4,Eucinostomus sp
PatillosIn2,POZP_I,2,Gerreidae,Gerres,simillimus,NA,1,1,Gerres simillimus
PatillosIn2,POZP_I,2,Lutjanidae,Lutjanus,aratus,NA,1,1,Lutjanus aratus
PatillosIn2,POZP_I,2,Lutjanidae,Lutjanus,argentiventris,NA,1,1,Lutjanus argentiventris
PatillosIn2,POZP_I,2,Lutjanidae,Lutjanus,novemfasciatus,NA,2,2,Lutjanus novemfasciatus
PatillosIn2,POZP_I,2,Tetraodontidae,Sphoeroides,annulatus,NA,2,2,Sphoeroides annulatus
PatillosIn3,POZP_I,3,Cheloniidae,,sp,NA,1,1,Cheloniidae sp
PatillosIn3,POZP_I,3,Cheloniidae,Chelonia ,mydas,NA,1,1,Chelonia  mydas
PatillosIn3,POZP_I,3,Gerreidae,Eucinostomus,currani,NA,3,3,Eucinostomus currani
PatillosIn3,POZP_I,3,Gerreidae,Eucinostomus,sp,NA,1,1,Eucinostomus sp
PatillosIn3,POZP_I,3,Gerreidae,Gerres,simillimus,NA,2,2,Gerres simillimus
PatillosIn3,POZP_I,3,Lutjanidae,Lutjanus,argentiventris,NA,1,1,Lutjanus argentiventris
PatillosIn3,POZP_I,3,Mugilidae,Mugil,cephalus,NA,100,100,Mugil cephalus
PatillosIn3,POZP_I,3,Mugilidae,Mugil,sp,NA,10,10,Mugil sp
PatillosIn3,POZP_I,3,Pomacentridae,Abudefduf,troschelii,NA,1,1,Abudefduf troschelii
PatillosIn3,POZP_I,3,Tetraodontidae,Sphoeroides,annulatus,NA,1,1,Sphoeroides annulatus
UrbinaSur1,URB_S,1,Carcharhinidae,Triaenodon,obesus,F,1,1,Triaenodon obesus
UrbinaSur1,URB_S,1,Chaetodontidae,Chaetodon,humeralis,,2,2,Chaetodon humeralis
UrbinaSur1,URB_S,1,Cheloniidae,Chelonia ,mydas,,1,1,Chelonia  mydas
UrbinaSur1,URB_S,1,Gerreidae,Eucinostomus,dowii,,2,2,Eucinostomus dowii
UrbinaSur1,URB_S,1,Gerreidae,Eucinostomus,sp,,1,1,Eucinostomus sp
UrbinaSur1,URB_S,1,Haemulidae,Orthopristis,cantharinus,,1,1,Orthopristis cantharinus
UrbinaSur1,URB_S,1,Haemulidae,Orthopristis,lethopristis,,7,7,Orthopristis lethopristis
UrbinaSur1,URB_S,1,Haemulidae,Orthopristis,sp,,1,1,Orthopristis sp
UrbinaSur1,URB_S,1,Labridae,,sp,,1,1,Labridae sp
UrbinaSur1,URB_S,1,Labridae,Bodianus,diplotaenia,AD,1,1,Bodianus diplotaenia
UrbinaSur1,URB_S,1,Labridae,Thalassoma,lucasanum,AD,3,6,Thalassoma lucasanum
UrbinaSur1,URB_S,1,Labridae,Thalassoma,lucasanum,J,6,6,Thalassoma lucasanum
UrbinaSur1,URB_S,1,Mugilidae,Mugil,sp,,15,15,Mugil sp
UrbinaSur1,URB_S,1,Pomacentridae,Stegastes,arcifrons,,13,13,Stegastes arcifrons
UrbinaSur1,URB_S,1,Scaridae,Scarus,ghobban,,16,16,Scarus ghobban
UrbinaSur1,URB_S,1,Serranidae,Mycteroperca,olfax,,3,3,Mycteroperca olfax
UrbinaSur1,URB_S,1,Serranidae,Serranus,psittacinus,,1,1,Serranus psittacinus
UrbinaSur1,URB_S,1,Sparidae,Archosargus,pourtalesii,,7,7,Archosargus pourtalesii
UrbinaSur1,URB_S,1,Tetraodontidae,Sphoeroides,annulatus,,19,19,Sphoeroides annulatus
UrbinaSur2,URB_S,2,Carangidae,Caranx,caballus,NA,2,2,Caranx caballus
UrbinaSur2,URB_S,2,Chaetodontidae,Chaetodon,humeralis,NA,1,1,Chaetodon humeralis
UrbinaSur2,URB_S,2,Cheloniidae,Chelonia ,mydas,NA,1,1,Chelonia  mydas
UrbinaSur2,URB_S,2,Gerreidae,Eucinostomus,currani,NA,1,1,Eucinostomus currani
UrbinaSur2,URB_S,2,Gerreidae,Eucinostomus,dowii,NA,1,1,Eucinostomus dowii
UrbinaSur2,URB_S,2,Gerreidae,Eucinostomus,sp,NA,3,3,Eucinostomus sp
UrbinaSur2,URB_S,2,Haemulidae,Haemulon,sp,NA,1,1,Haemulon sp
UrbinaSur2,URB_S,2,Lutjanidae,Lutjanus,aratus,NA,3,3,Lutjanus aratus
UrbinaSur2,URB_S,2,Lutjanidae,Lutjanus,argentiventris,NA,2,2,Lutjanus argentiventris
UrbinaSur2,URB_S,2,Lutjanidae,Lutjanus,novemfasciatus,NA,1,1,Lutjanus novemfasciatus
UrbinaSur2,URB_S,2,Pomacentridae,Abudefduf,troschelii,NA,1,1,Abudefduf troschelii
UrbinaSur2,URB_S,2,Pomacentridae,Stegastes,arcifrons,NA,3,3,Stegastes arcifrons
UrbinaSur2,URB_S,2,Scaridae,Scarus,ghobban,NA,50,50,Scarus ghobban
UrbinaSur2,URB_S,2,Schoolsilveryfish,,sp,NA,300,300,Schoolsilveryfish sp
UrbinaSur2,URB_S,2,Serranidae,Epinephelus,labriformis,NA,2,2,Epinephelus labriformis
UrbinaSur2,URB_S,2,Serranidae,Mycteroperca,olfax,NA,2,2,Mycteroperca olfax
UrbinaSur2,URB_S,2,Tetraodontidae,Sphoeroides,annulatus,NA,3,3,Sphoeroides annulatus
UrbinaSur3,URB_S,3,Cheloniidae,Chelonia ,mydas,,1,1,Chelonia  mydas
UrbinaSur3,URB_S,3,Cheloniidae,Chelonia ,mydas,M,1,1,Chelonia  mydas
UrbinaSur3,URB_S,3,Labridae,Thalassoma,lucasanum,,3,3,Thalassoma lucasanum
UrbinaSur3,URB_S,3,Lutjanidae,Lutjanus,argentiventris,,4,4,Lutjanus argentiventris
UrbinaSur3,URB_S,3,Lutjanidae,Lutjanus,novemfasciatus,,3,3,Lutjanus novemfasciatus
UrbinaSur3,URB_S,3,Pomacentridae,Abudefduf,troschelii,,2,2,Abudefduf troschelii
UrbinaSur3,URB_S,3,Pomacentridae,Stegastes,arcifrons,,12,12,Stegastes arcifrons
UrbinaSur3,URB_S,3,Scaridae,Scarus,ghobban,,30,30,Scarus ghobban
UrbinaSur3,URB_S,3,Serranidae,Mycteroperca,olfax,,11,11,Mycteroperca olfax
UrbinaSur3,URB_S,3,Tetraodontidae,Sphoeroides,annulatus,,4,4,Sphoeroides annulatus
UrbinaNorte1,URB_N,1,Cheloniidae,Chelonia ,mydas,NA,1,1,Chelonia  mydas
UrbinaNorte1,URB_N,1,Dasyatidae,,sp,NA,1,1,Dasyatidae sp
UrbinaNorte1,URB_N,1,Gerreidae,Eucinostomus,currani,NA,3,3,Eucinostomus currani
UrbinaNorte1,URB_N,1,Gerreidae,Eucinostomus,dowii,NA,1,1,Eucinostomus dowii
UrbinaNorte1,URB_N,1,Haemulidae,Anisotremus,interruptus,NA,2,2,Anisotremus interruptus
UrbinaNorte1,URB_N,1,Lutjanidae,Lutjanus,argentiventris,NA,4,4,Lutjanus argentiventris
UrbinaNorte1,URB_N,1,Lutjanidae,Lutjanus,novemfasciatus,NA,1,1,Lutjanus novemfasciatus
UrbinaNorte1,URB_N,1,Mugilidae,Mugil,cephalus,NA,40,40,Mugil cephalus
UrbinaNorte1,URB_N,1,Mugilidae,Mugil,sp,NA,10,10,Mugil sp
UrbinaNorte1,URB_N,1,Tetraodontidae,Sphoeroides,annulatus,NA,1,1,Sphoeroides annulatus
UrbinaNorte2,URB_N,2,Carcharhinidae,Carcharhinus,limbatus,NA,1,1,Carcharhinus limbatus
UrbinaNorte2,URB_N,2,Carcharhinidae,Carcharhinus,limbatus,NA,1,1,Carcharhinus limbatus
UrbinaNorte3,URB_N,3,Carcharhinidae,Carcharhinus,limbatus,,1,1,Carcharhinus limbatus
UrbinaNorte3,URB_N,3,Cheloniidae,Chelonia ,mydas,F,1,1,Chelonia  mydas
UrbinaNorte3,URB_N,3,Dasyatidae,Dasyatis,brevis,M,1,1,Dasyatis brevis
UrbinaNorte3,URB_N,3,Gerreidae,Eucinostomus,currani,,1,1,Eucinostomus currani
UrbinaNorte3,URB_N,3,Gerreidae,Eucinostomus,sp,,1,1,Eucinostomus sp
UrbinaNorte3,URB_N,3,Gerreidae,Gerres,simillimus,,1,1,Gerres simillimus
UrbinaNorte3,URB_N,3,Mugilidae,Mugil,cephalus,,1,1,Mugil cephalus
CaletaDereck1,DER,1,Apogonidae,Apogon,sp,,2,2,Apogon sp
CaletaDereck1,DER,1,Chaetodontidae,Johnrandallia,nigrirostris,,2,2,Johnrandallia nigrirostris
CaletaDereck1,DER,1,Kyphosidae,Girella,freminvilli,,2,2,Girella freminvillii
CaletaDereck1,DER,1,Labridae,Thalassoma,lucasanum,AD,3,3,Thalassoma lucasanum
CaletaDereck1,DER,1,Muraenidae,Gymnothorax,dovii,,1,1,Gymnothorax dovii
CaletaDereck1,DER,1,Otariidae,Zalophus,wollebaeki,F,1,1,Zalophus wollebaeki
CaletaDereck1,DER,1,Pomacanthidae,Holacanthus,passer,,1,1,Holacanthus passer
CaletaDereck1,DER,1,Pomacentridae,Abudefduf,troschelii,,1,1,Abudefduf troschelii
CaletaDereck1,DER,1,Pomacentridae,Stegastes,arcifrons,,31,31,Stegastes arcifrons
CaletaDereck1,DER,1,Scaridae,Scarus,ghobban,AD,1,1,Scarus ghobban
CaletaDereck1,DER,1,Serranidae,Epinephelus,labriformis,,1,1,Epinephelus labriformis
CaletaDereck1,DER,1,Serranidae,Mycteroperca,olfax,,15,15,Mycteroperca olfax
CaletaDereck1,DER,1,Serranidae,Paranthias,colonus,,4,4,Paranthias colonus
CaletaDereck1,DER,1,Tetraodontidae,Sphoeroides,annulatus,,8,8,Sphoeroides annulatus
CaletaDereck2,DER,2,Acanthuridae,Prionurus,laticlavius,,1,1,Prionurus laticlavius
CaletaDereck2,DER,2,Cheloniidae,Chelonia ,mydas,F,1,1,Chelonia  mydas
CaletaDereck2,DER,2,Kyphosidae,Girella,freminvilli,,1,1,Girella freminvillii
CaletaDereck2,DER,2,Labridae,Bodianus,diplotaenia,,2,2,Bodianus diplotaenia
CaletaDereck2,DER,2,Labridae,Bodianus,diplotaenia,AD,1,2,Bodianus diplotaenia
CaletaDereck2,DER,2,Labridae,Thalassoma,lucasanum,,1,1,Thalassoma lucasanum
CaletaDereck2,DER,2,Labridae,Thalassoma,lucasanum,AD,1,1,Thalassoma lucasanum
CaletaDereck2,DER,2,Pomacentridae,Stegastes,arcifrons,,11,11,Stegastes arcifrons
CaletaDereck2,DER,2,Pomacentridae,Stegastes,beebei,,14,14,Stegastes beebei
CaletaDereck2,DER,2,Scaridae,Nicholsina,denticulata,,1,1,Nicholsina denticulata
CaletaDereck2,DER,2,Scaridae,Scarus,ghobban,AD,1,1,Scarus ghobban
CaletaDereck2,DER,2,Serranidae,Mycteroperca,olfax,,12,12,Mycteroperca olfax
CaletaDereck2,DER,2,Serranidae,Paranthias,colonus,,3,3,Paranthias colonus
CaletaDereck2,DER,2,Schoolsilveryfish,,sp,,200,200,Schoolsilveryfish sp
CaletaDereck2,DER,2,Spheniscidae,Spheniscus,mendiculus,,1,1,Spheniscus mendiculus
CaletaDereck2,DER,2,Tetraodontidae,Sphoeroides,annulatus,,6,6,Sphoeroides annulatus
CaletaDereck3,DER,3,Blenniidae,Ophioblennius,steindachneri,,2,2,Ophioblennius steindachneri
CaletaDereck3,DER,3,Chaetodontidae,Chaetodon,humeralis,,2,2,Chaetodon humeralis
CaletaDereck3,DER,3,Cheloniidae,Chelonia ,mydas,,1,1,Chelonia  mydas
CaletaDereck3,DER,3,Cheloniidae,Chelonia ,mydas,F,1,1,Chelonia  mydas
CaletaDereck3,DER,3,Diodontidae,,sp,,2,2,Diodontidae sp
CaletaDereck3,DER,3,Kyphosidae,Girella,freminvilli,,43,43,Girella freminvillii
CaletaDereck3,DER,3,Labridae,Bodianus,diplotaenia,AD,3,5,Bodianus diplotaenia
CaletaDereck3,DER,3,Labridae,Bodianus,diplotaenia,J,2,5,Bodianus diplotaenia
CaletaDereck3,DER,3,Labridae,Thalassoma,lucasanum,,1,1,Thalassoma lucasanum
CaletaDereck3,DER,3,Mugilidae,Mugil,cephalus,,70,70,Mugil cephalus
CaletaDereck3,DER,3,Mugilidae,Mugil,sp,,40,40,Mugil sp
CaletaDereck3,DER,3,Otariidae,Zalophus,wollebaeki,F,2,2,Zalophus wollebaeki
CaletaDereck3,DER,3,Phalacrocoracidae,Phalacrocorax,harrisi,,1,1,Phalacrocorax harrisi
CaletaDereck3,DER,3,Pomacanthidae,Holacanthus,passer,,2,2,Holacanthus passer
CaletaDereck3,DER,3,Pomacentridae,Abudefduf,troschelii,,10,10,Abudefduf troschelii
CaletaDereck3,DER,3,Pomacentridae,Stegastes,arcifrons,,22,22,Stegastes arcifrons
CaletaDereck3,DER,3,Scaridae,Scarus,ghobban,,1,1,Scarus ghobban
CaletaDereck3,DER,3,Scaridae,Scarus,ghobban,AD,1,1,Scarus ghobban
CaletaDereck3,DER,3,Schoolsilveryfish,,sp,,200,200,Schoolsilveryfish sp
CaletaDereck3,DER,3,Serranidae,Epinephelus,labriformis,,1,1,Epinephelus labriformis
CaletaDereck3,DER,3,Serranidae,Mycteroperca,olfax,,6,6,Mycteroperca olfax
CaletaDereck3,DER,3,Serranidae,Paranthias,colonus,,1,1,Paranthias colonus
CaletaDereck3,DER,3,Tetraodontidae,Sphoeroides,annulatus,,5,5,Sphoeroides annulatus
LasMarielas1,MAR,1,Carangidae,Caranx,sp,,8,8,Caranx sp
LasMarielas1,MAR,1,Chaetodontidae,Johnrandallia,nigrirostris,,2,2,Johnrandallia nigrirostris
LasMarielas1,MAR,1,Cheloniidae,Chelonia ,mydas,F,1,1,Chelonia  mydas
LasMarielas1,MAR,1,Diodontidae,,sp,,1,1,Diodontidae sp
LasMarielas1,MAR,1,Gerreidae,,sp,,1,1,Gerreidae sp
LasMarielas1,MAR,1,Labridae,Bodianus,diplotaenia,,1,2,Bodianus diplotaenia
LasMarielas1,MAR,1,Labridae,Bodianus,diplotaenia,AD,1,2,Bodianus diplotaenia
LasMarielas1,MAR,1,Labridae,Bodianus,diplotaenia,J,1,2,Bodianus diplotaenia
LasMarielas1,MAR,1,Labridae,Thalassoma,lucasanum,,1,1,Thalassoma lucasanum
LasMarielas1,MAR,1,Lutjanidae,Lutjanus,novemfasciatus,,2,2,Lutjanus novemfasciatus
LasMarielas1,MAR,1,Mugilidae,Mugil,cephalus,,8,8,Mugil cephalus
LasMarielas1,MAR,1,Otariidae,Zalophus,wollebaeki,F,1,1,Zalophus wollebaeki
LasMarielas1,MAR,1,Pomacentridae,,sp,,2,2,Pomacentridae sp
LasMarielas1,MAR,1,Pomacentridae,Abudefduf,troschelii,,12,12,Abudefduf troschelii
LasMarielas1,MAR,1,Pomacentridae,Stegastes,arcifrons,,17,17,Stegastes arcifrons
LasMarielas1,MAR,1,Scaridae,,sp,,1,1,Scaridae sp
LasMarielas1,MAR,1,Serranidae,Epinephelus,labriformis,,2,2,Epinephelus labriformis
LasMarielas1,MAR,1,Serranidae,Mycteroperca,olfax,,3,3,Mycteroperca olfax
LasMarielas1,MAR,1,Sparidae,Archosargus,pourtalesii,,11,11,Archosargus pourtalesii
LasMarielas1,MAR,1,Spheniscidae,Spheniscus,mendiculus,,1,1,Spheniscus mendiculus
LasMarielas1,MAR,1,Tetraodontidae,Sphoeroides,annulatus,,7,7,Sphoeroides annulatus
LasMarielas2,MAR,2,Cheloniidae,Chelonia ,mydas,NA,1,1,Chelonia  mydas
LasMarielas2,MAR,2,Cheloniidae,Chelonia ,mydas,NA,1,1,Chelonia  mydas
LasMarielas2,MAR,2,Otariidae,Zalophus,wollebaeki,NA,1,1,Zalophus wollebaeki
LasMarielas2,MAR,2,Pomacentridae,Abudefduf,troschelii,NA,3,3,Abudefduf troschelii
LasMarielas2,MAR,2,Scombridae,Scomberomorus,sierra,NA,1,1,Scomberomorus sierra
LasMarielas2,MAR,2,Serranidae,Mycteroperca,olfax,NA,1,1,Mycteroperca olfax
LasMarielas2,MAR,2,Sparidae,Archosargus,pourtalesii,NA,8,8,Archosargus pourtalesii
LasMarielas2,MAR,2,Tetraodontidae,Sphoeroides,annulatus,NA,23,23,Sphoeroides annulatus
LasMarielas3,MAR,3,Carangidae,Naucrates,ductor,,1,1,Naucrates ductor
LasMarielas3,MAR,3,Labridae,Bodianus,diplotaenia,AD,1,1,Bodianus diplotaenia
LasMarielas3,MAR,3,Lutjanidae,Lutjanus,novemfasciatus,,1,1,Lutjanus novemfasciatus
LasMarielas3,MAR,3,Pomacentridae,Abudefduf,troschelii,,6,6,Abudefduf troschelii
LasMarielas3,MAR,3,Pomacentridae,Stegastes,arcifrons,,3,3,Stegastes arcifrons
LasMarielas3,MAR,3,Serranidae,Mycteroperca,olfax,,3,3,Mycteroperca olfax
LasMarielas3,MAR,3,Sparidae,Archosargus,pourtalesii,,6,6,Archosargus pourtalesii
LasMarielas3,MAR,3,Tetraodontidae,Sphoeroides,annulatus,,22,22,Sphoeroides annulatus
Baleado1,BALE,1,Centropomidae,Centropomus,viridis,NA,3,3,Centropomus viridis
Baleado1,BALE,1,Dasyatidae,,sp,NA,1,1,Dasyatidae sp
Baleado1,BALE,1,Gerreidae,Eucinostomus,sp,NA,2,2,Eucinostomus sp
Baleado1,BALE,1,Gerreidae,Gerres,simillimus,NA,1,1,Gerres simillimus
Baleado1,BALE,1,Haemulidae,Anisotremus,interruptus,NA,2,2,Anisotremus interruptus
Baleado1,BALE,1,Lutjanidae,Lutjanus,sp,NA,4,4,Lutjanus sp
Baleado1,BALE,1,Mugilidae,Mugil,sp,NA,1,1,Mugil sp
Baleado1,BALE,1,Pomacentridae,Abudefduf,troschelii,NA,1,1,Abudefduf troschelii
Baleado2,BALE,2,Carangidae,Caranx,sp,,1,1,Caranx sp
Baleado2,BALE,2,Cheloniidae,Chelonia ,mydas,F,1,1,Chelonia  mydas
Baleado2,BALE,2,Dasyatidae,Dasyatis,brevis,,1,2,Dasyatis brevis
Baleado2,BALE,2,Dasyatidae,Dasyatis,brevis,M,2,2,Dasyatis brevis
Baleado2,BALE,2,Gerreidae,Eucinostomus,currani,,2,2,Eucinostomus currani
Baleado2,BALE,2,Gerreidae,Eucinostomus,dowii,,1,1,Eucinostomus dowii
Baleado2,BALE,2,Gerreidae,Eucinostomus,sp,,3,3,Eucinostomus sp
Baleado2,BALE,2,Gerreidae,Gerres,simillimus,,2,2,Gerres simillimus
Baleado2,BALE,2,Haemulidae,Orthopristis,lethopristis,,1,1,Orthopristis lethopristis
Baleado2,BALE,2,Labridae,,sp,,1,1,Labridae sp
Baleado2,BALE,2,Labridae,Thalassoma,lucasanum,,1,1,Thalassoma lucasanum
Baleado2,BALE,2,Lutjanidae,Lutjanus,argentiventris,,2,2,Lutjanus argentiventris
Baleado2,BALE,2,Lutjanidae,Lutjanus,novemfasciatus,,1,1,Lutjanus novemfasciatus
Baleado2,BALE,2,Mugilidae,Mugil,cephalus,,5,5,Mugil cephalus
Baleado2,BALE,2,Mugilidae,Mugil,galapagensis,,2,2,Mugil galapagensis
Baleado2,BALE,2,Otariidae,Zalophus,wollebaeki,F,1,1,Zalophus wollebaeki
Baleado2,BALE,2,Pomacentridae,Abudefduf,troschelii,,1,1,Abudefduf troschelii
Baleado2,BALE,2,Pomacentridae,Stegastes,arcifrons,,7,7,Stegastes arcifrons
Baleado2,BALE,2,Scaridae,,sp,J,30,30,Scaridae sp
Baleado2,BALE,2,Scaridae,Scarus,ghobban,,10,10,Scarus ghobban
Baleado2,BALE,2,Sparidae,Archosargus,pourtalesii,,3,3,Archosargus pourtalesii
Baleado3,BALE,3,Carangidae,Caranx,caninus,,8,8,Caranx caninus
Baleado3,BALE,3,Cheloniidae,Chelonia ,mydas,,1,1,Chelonia  mydas
Baleado3,BALE,3,Cheloniidae,Chelonia ,mydas,F,1,1,Chelonia  mydas
Baleado3,BALE,3,Dasyatidae,Dasyatis,brevis,M,1,1,Dasyatis brevis
Baleado3,BALE,3,Gerreidae,Eucinostomus,currani,,1,1,Eucinostomus currani
Baleado3,BALE,3,Gerreidae,Eucinostomus,sp,,15,15,Eucinostomus sp
Baleado3,BALE,3,Gerreidae,Gerres,simillimus,,1,1,Gerres simillimus
Baleado3,BALE,3,Haemulidae,Anisotremus,interruptus,,3,3,Anisotremus interruptus
Baleado3,BALE,3,Lutjanidae,Lutjanus,argentiventris,,3,3,Lutjanus argentiventris
Baleado3,BALE,3,Lutjanidae,Lutjanus,novemfasciatus,,2,2,Lutjanus novemfasciatus
Baleado3,BALE,3,Mugilidae,Mugil,sp,,15,15,Mugil sp
Baleado3,BALE,3,Pomacentridae,Abudefduf,troschelii,,4,4,Abudefduf troschelii
Baleado3,BALE,3,Pomacentridae,Stegastes,arcifrons,,8,8,Stegastes arcifrons
Baleado3,BALE,3,Serranidae,Mycteroperca,olfax,,1,1,Mycteroperca olfax
Baleado3,BALE,3,Sparidae,Archosargus,pourtalesii,,11,11,Archosargus pourtalesii
Baleado3,BALE,3,Tetraodontidae,Sphoeroides,annulatus,,4,4,Sphoeroides annulatus
PuntaMoreno1,PUMO,1,Cheloniidae,Chelonia ,mydas,NA,1,1,Chelonia  mydas
PuntaMoreno1,PUMO,1,Lutjanidae,Lutjanus,sp,NA,2,2,Lutjanus sp
PuntaMoreno1,PUMO,1,Mugilidae,Mugil,galapagensis,NA,1,1,Mugil galapagensis
PuntaMoreno1,PUMO,1,Mugilidae,Mugil,sp,NA,10,10,Mugil sp
PuntaMoreno1,PUMO,1,Mugilidae,Xenomugil,thoburni,NA,25,25,Xenomugil thoburni
PuntaMoreno1,PUMO,1,Pomacentridae,Abudefduf,troschelii,NA,1,1,Abudefduf troschelii
PuntaMoreno1,PUMO,1,Pomacentridae,Stegastes,arcifrons,NA,2,2,Stegastes arcifrons
PuntaMoreno1,PUMO,1,Serranidae,Mycteroperca,olfax,NA,2,2,Mycteroperca olfax
PuntaMoreno1,PUMO,1,Tetraodontidae,Sphoeroides,annulatus,NA,2,2,Sphoeroides annulatus
PuntaMoreno2,PUMO,2,Blenniidae,Plagiotremus,azaleus,NA,5,5,Plagiotremus azaleus
PuntaMoreno2,PUMO,2,Kyphosidae,Girella,freminvilli,NA,30,30,Girella freminvillii
PuntaMoreno2,PUMO,2,Kyphosidae,Kyphosus,elegans,NA,1,1,Kyphosus elegans
PuntaMoreno2,PUMO,2,Labridae,Thalassoma,lucasanum,NA,7,7,Thalassoma lucasanum
PuntaMoreno2,PUMO,2,Lutjanidae,Hoplopagrus,guentherii,NA,1,1,Hoplopagrus guentherii
PuntaMoreno2,PUMO,2,Lutjanidae,Lutjanus,argentiventris,NA,1,1,Lutjanus argentiventris
PuntaMoreno2,PUMO,2,Mugilidae,Mugil,galapagensis,NA,1,1,Mugil galapagensis
PuntaMoreno2,PUMO,2,Mugilidae,Xenomugil,thoburni,NA,300,300,Xenomugil thoburni
PuntaMoreno2,PUMO,2,Pomacentridae,Abudefduf,troschelii,NA,4,4,Abudefduf troschelii
PuntaMoreno2,PUMO,2,Pomacentridae,Stegastes,arcifrons,NA,10,10,Stegastes arcifrons
PuntaMoreno2,PUMO,2,Serranidae,Epinephelus,labriformis,NA,2,2,Epinephelus labriformis
PuntaMoreno2,PUMO,2,Serranidae,Mycteroperca,olfax,NA,4,4,Mycteroperca olfax
PuntaMoreno2,PUMO,2,Tetraodontidae,Sphoeroides,annulatus,NA,4,4,Sphoeroides annulatus
PuntaMoreno3,PUMO,3,Dasyatidae,Dasyatis,brevis,NA,1,1,Dasyatis brevis
PuntaMoreno3,PUMO,3,Gerreidae,Eucinostomus,sp,NA,2,2,Eucinostomus sp
PuntaMoreno3,PUMO,3,Haemulidae,Orthopristis,cantharinus,NA,2,2,Orthopristis cantharinus
PuntaMoreno3,PUMO,3,Kyphosidae,Girella,freminvilli,NA,1,1,Girella freminvillii
PuntaMoreno3,PUMO,3,Labridae,Thalassoma,lucasanum,NA,1,1,Thalassoma lucasanum
PuntaMoreno3,PUMO,3,Lutjanidae,Lutjanus,novemfasciatus,NA,12,12,Lutjanus novemfasciatus
PuntaMoreno3,PUMO,3,Mugilidae,Xenomugil,thoburni,NA,500,500,Xenomugil thoburni
PuntaMoreno3,PUMO,3,Pomacentridae,Stegastes,arcifrons,NA,12,12,Stegastes arcifrons
PuntaMoreno3,PUMO,3,Tetraodontidae,Sphoeroides,annulatus,NA,5,5,Sphoeroides annulatus
Ballena1,BALL,1,Blenniidae,Plagiotremus,azaleus,,2,2,Plagiotremus azaleus
Ballena1,BALL,1,Carcharhinidae,Carcharhinus,limbatus,,1,1,Carcharhinus limbatus
Ballena1,BALL,1,Dasyatidae,Dasyatis,brevis,,1,1,Dasyatis brevis
Ballena1,BALL,1,Dasyatidae,Dasyatis,brevis,M,1,1,Dasyatis brevis
Ballena1,BALL,1,Labridae,Thalassoma,lucasanum,,5,5,Thalassoma lucasanum
Ballena1,BALL,1,Lutjanidae,Lutjanus,argentiventris,,1,1,Lutjanus argentiventris
Ballena1,BALL,1,Pomacentridae,Abudefduf,troschelii,,10,10,Abudefduf troschelii
Ballena1,BALL,1,Pomacentridae,Stegastes,arcifrons,,7,7,Stegastes arcifrons
Ballena1,BALL,1,Scombridae,Scomberomorus,sierra,,1,1,Scomberomorus sierra
Ballena1,BALL,1,Scyllaridae,Scyllarides,astori,,1,1,Scyllarides astori
Ballena1,BALL,1,Serranidae,Epinephelus,labriformis,,1,1,Epinephelus labriformis
Ballena1,BALL,1,Tetraodontidae,Sphoeroides,annulatus,,3,3,Sphoeroides annulatus
Ballena2,BALL,2,Blenniidae,Plagiotremus,azaleus,NA,3,3,Plagiotremus azaleus
Ballena2,BALL,2,Carcharhinidae,Carcharhinus,limbatus,NA,1,1,Carcharhinus limbatus
Ballena2,BALL,2,Chaetodontidae,Chaetodon,humeralis,NA,1,1,Chaetodon humeralis
Ballena2,BALL,2,Labridae,Thalassoma,lucasanum,NA,2,2,Thalassoma lucasanum
Ballena2,BALL,2,Lutjanidae,Lutjanus,argentiventris,NA,5,5,Lutjanus argentiventris
Ballena2,BALL,2,Pomacentridae,Abudefduf,troschelii,NA,25,25,Abudefduf troschelii
Ballena2,BALL,2,Pomacentridae,Stegastes,arcifrons,NA,1,1,Stegastes arcifrons
Ballena2,BALL,2,Schoolsilveryfish,,sp,NA,500,500,Schoolsilveryfish sp
Ballena2,BALL,2,Scombridae,Scomberomorus,sierra,NA,1,1,Scomberomorus sierra
Ballena2,BALL,2,Tetraodontidae,Sphoeroides,annulatus,NA,12,12,Sphoeroides annulatus
Ballena3,BALL,3,Blenniidae,Plagiotremus,azaleus,NA,5,5,Plagiotremus azaleus
Ballena3,BALL,3,Carcharhinidae,Carcharhinus,limbatus,NA,1,1,Carcharhinus limbatus
Ballena3,BALL,3,Chaetodontidae,Chaetodon,humeralis,NA,1,1,Chaetodon humeralis
Ballena3,BALL,3,Mugilidae,Mugil,cephalus,NA,200,200,Mugil cephalus
Ballena3,BALL,3,Mugilidae,Mugil,sp,NA,15,15,Mugil sp
Ballena3,BALL,3,Myliobatidae,,sp,NA,1,1,Myliobatidae sp
Ballena3,BALL,3,Pomacentridae,Abudefduf,troschelii,NA,19,19,Abudefduf troschelii
Ballena3,BALL,3,Scombridae,Scomberomorus,sierra,NA,1,1,Scomberomorus sierra
Ballena3,BALL,3,Sparidae,Archosargus,pourtalesii,NA,10,10,Archosargus pourtalesii
Ballena3,BALL,3,Tetraodontidae,Sphoeroides,annulatus,NA,2,2,Sphoeroides annulatus
TortugaBay1,BAT,1,Carangidae,Caranx,caballus,NA,7,7,Caranx caballus
TortugaBay1,BAT,1,Carcharhinidae,Carcharhinus,limbatus,NA,1,1,Carcharhinus limbatus
TortugaBay1,BAT,1,Carcharhinidae,Carcharhinus,limbatus,NA,1,1,Carcharhinus limbatus
TortugaBay1,BAT,1,Chaetodontidae,Chaetodon,humeralis,NA,2,2,Chaetodon humeralis
TortugaBay1,BAT,1,Dasyatidae,Dasyatis,brevis,NA,1,1,Dasyatis brevis
TortugaBay1,BAT,1,Haemulidae,Anisotremus,interruptus,NA,1,1,Anisotremus interruptus
TortugaBay1,BAT,1,Lutjanidae,Lutjanus,argentiventris,NA,4,4,Lutjanus argentiventris
TortugaBay1,BAT,1,Pomacentridae,Abudefduf,troschelii,NA,7,7,Abudefduf troschelii
TortugaBay1,BAT,1,Pomacentridae,Stegastes,arcifrons,NA,3,3,Stegastes arcifrons
TortugaBay1,BAT,1,Serranidae,Mycteroperca,olfax,NA,1,1,Mycteroperca olfax
TortugaBay1,BAT,1,Tetraodontidae,Arothron,meleagris,NA,1,1,Arothron meleagris
TortugaBay1,BAT,1,Tetraodontidae,Sphoeroides,annulatus,NA,8,8,Sphoeroides annulatus
TortugaBay2,BAT,2,Carcharhinidae,Carcharhinus,limbatus,NA,1,1,Carcharhinus limbatus
TortugaBay2,BAT,2,Lutjanidae,Lutjanus,argentiventris,NA,1,1,Lutjanus argentiventris
TortugaBay2,BAT,2,Mugilidae,Mugil,galapagensis,NA,50,50,Mugil galapagensis
TortugaBay2,BAT,2,Mugilidae,Mugil,sp,NA,1,1,Mugil sp
TortugaBay2,BAT,2,Muraenidae,,sp,NA,1,1,Muraenidae sp
TortugaBay2,BAT,2,Pomacentridae,Abudefduf,troschelii,NA,1,1,Abudefduf troschelii
TortugaBay2,BAT,2,Pomacentridae,Stegastes,arcifrons,NA,3,3,Stegastes arcifrons
TortugaBay2,BAT,2,Tetraodontidae,Sphoeroides,annulatus,NA,2,2,Sphoeroides annulatus
TortugaBay3,BAT,3,Carangidae,Caranx,caballus,,4,4,Caranx caballus
TortugaBay3,BAT,3,Carangidae,Naucrates,ductor,,1,1,Naucrates ductor
TortugaBay3,BAT,3,Carcharhinidae,Carcharhinus,limbatus,,1,1,Carcharhinus limbatus
TortugaBay3,BAT,3,Chaetodontidae,Chaetodon,humeralis,,2,2,Chaetodon humeralis
TortugaBay3,BAT,3,Dasyatidae,Dasyatis,brevis,F,1,1,Dasyatis brevis
TortugaBay3,BAT,3,Dasyatidae,Dasyatis,brevis,M,1,1,Dasyatis brevis
TortugaBay3,BAT,3,Fistulariidae,Fistularia,commersonii,,1,1,Fistularia commersonii
TortugaBay3,BAT,3,Gerreidae,Eucinostomus,sp,,11,11,Eucinostomus sp
TortugaBay3,BAT,3,Haemulidae,Haemulon,scudderii,,6,6,Haemulon scudderii
TortugaBay3,BAT,3,Haemulidae,Haemulon,steindachneri,,1,1,Haemulon steindachneri
TortugaBay3,BAT,3,Haemulidae,Orthopristis,lethopristis,,13,13,Orthopristis lethopristis
TortugaBay3,BAT,3,Labridae,Bodianus,diplotaenia,AD,1,1,Bodianus diplotaenia
TortugaBay3,BAT,3,Labridae,Thalassoma,lucasanum,,2,2,Thalassoma lucasanum
TortugaBay3,BAT,3,Lutjanidae,Hoplopagrus,guentherii,,1,1,Hoplopagrus guentherii
TortugaBay3,BAT,3,Lutjanidae,Lutjanus,argentiventris,,19,19,Lutjanus argentiventris
TortugaBay3,BAT,3,Myliobatidae,Aetobatus,laticeps,,3,6,Aetobatus laticeps
TortugaBay3,BAT,3,Myliobatidae,Aetobatus,laticeps,F,3,6,Aetobatus laticeps
TortugaBay3,BAT,3,Pomacentridae,Abudefduf,troschelii,,3,3,Abudefduf troschelii
TortugaBay3,BAT,3,Pomacentridae,Stegastes,arcifrons,,3,3,Stegastes arcifrons
TortugaBay3,BAT,3,Scaridae,Scarus,ghobban,,50,50,Scarus ghobban
TortugaBay3,BAT,3,Sparidae,Archosargus,pourtalesii,,8,8,Archosargus pourtalesii
TortugaBay3,BAT,3,Tetraodontidae,Sphoeroides,annulatus,,1,1,Sphoeroides annulatus
LasAzules1,POZA,1,Carangidae,Caranx,caninus,J,10,10,Caranx caninus
LasAzules1,POZA,1,Carcharhinidae,Carcharhinus,limbatus,,2,3,Carcharhinus limbatus
LasAzules1,POZA,1,Carcharhinidae,Carcharhinus,limbatus,F,1,3,Carcharhinus limbatus
LasAzules1,POZA,1,Chaetodontidae,Chaetodon,humeralis,,1,1,Chaetodon humeralis
LasAzules1,POZA,1,Cheloniidae,Chelonia ,mydas,F,1,1,Chelonia  mydas
LasAzules1,POZA,1,Diodontidae,Diodon,hystrix,,2,2,Diodon hystrix
LasAzules1,POZA,1,Gerreidae,Eucinostomus,sp,,5,5,Eucinostomus sp
LasAzules1,POZA,1,Haemulidae,Haemulon,scudderii,J,8,8,Haemulon scudderii
LasAzules1,POZA,1,Haemulidae,Orthopristis,lethopristis,,2,2,Orthopristis lethopristis
LasAzules1,POZA,1,Labridae,Bodianus,diplotaenia,AD,1,1,Bodianus diplotaenia
LasAzules1,POZA,1,Lutjanidae,Lutjanus,argentiventris,,3,3,Lutjanus argentiventris
LasAzules1,POZA,1,Mugilidae,Mugil,curema,,2,2,Mugil curema
LasAzules1,POZA,1,Pomacentridae,Abudefduf,troschelii,,1,1,Abudefduf troschelii
LasAzules1,POZA,1,Pomacentridae,Stegastes,arcifrons,,6,6,Stegastes arcifrons
LasAzules1,POZA,1,Tetraodontidae,Sphoeroides,annulatus,,2,2,Sphoeroides annulatus
LasAzules2,POZA,2,Carangidae,,sp,,4,4,Carangidae sp
LasAzules2,POZA,2,Carangidae,Caranx,caballus,,1,1,Caranx caballus
LasAzules2,POZA,2,Carangidae,Caranx,caninus,J,13,13,Caranx caninus
LasAzules2,POZA,2,Carcharhinidae,Carcharhinus,limbatus,,1,1,Carcharhinus limbatus
LasAzules2,POZA,2,Carcharhinidae,Triaenodon,obesus,,1,1,Triaenodon obesus
LasAzules2,POZA,2,Carcharhinidae,Triaenodon,obesus,F,1,1,Triaenodon obesus
LasAzules2,POZA,2,Dasyatidae,Dasyatis,brevis,,1,1,Dasyatis brevis
LasAzules2,POZA,2,Dasyatidae,Dasyatis,sp,,1,1,Dasyatis sp
LasAzules2,POZA,2,Gerreidae,Eucinostomus,sp,,1,1,Eucinostomus sp
LasAzules2,POZA,2,Gerreidae,Gerres,simillimus,,1,1,Gerres simillimus
LasAzules2,POZA,2,Lutjanidae,Lutjanus,argentiventris,,1,1,Lutjanus argentiventris
LasAzules2,POZA,2,Lutjanidae,Lutjanus,novemfasciatus,,1,1,Lutjanus novemfasciatus
LasAzules2,POZA,2,Lutjanidae,Lutjanus,sp,,1,1,Lutjanus sp
LasAzules2,POZA,2,Mugilidae,Mugil,sp,,3,3,Mugil sp
LasAzules2,POZA,2,Sparidae,Archosargus,pourtalesii,,1,1,Archosargus pourtalesii
LasAzules2,POZA,2,Tetraodontidae,Sphoeroides,annulatus,,6,6,Sphoeroides annulatus
LasAzules3,POZA,3,Carangidae,Caranx,caninus,J,1,1,Caranx caninus
LasAzules3,POZA,3,Carcharhinidae,Carcharhinus,limbatus,,1,1,Carcharhinus limbatus
LasAzules3,POZA,3,Carcharhinidae,Carcharhinus,limbatus,F,1,1,Carcharhinus limbatus
LasAzules3,POZA,3,Gerreidae,Eucinostomus,sp,,2,2,Eucinostomus sp
LasAzules3,POZA,3,Haemulidae,Orthopristis,lethopristis,,3,3,Orthopristis lethopristis
LasAzules3,POZA,3,Lutjanidae,Lutjanus,novemfasciatus,,1,1,Lutjanus novemfasciatus
LasAzules3,POZA,3,Mugilidae,Mugil,galapagensis,,1,1,Mugil galapagensis
LasAzules3,POZA,3,Mugilidae,Mugil,sp,,2,2,Mugil sp
LasAzules3,POZA,3,Pomacentridae,Abudefduf,troschelii,,1,1,Abudefduf troschelii
LasAzules3,POZA,3,Pomacentridae,Stegastes,arcifrons,,3,3,Stegastes arcifrons
LasAzules3,POZA,3,Tetraodontidae,Sphoeroides,annulatus,,7,7,Sphoeroides annulatus
Oeste1,OES,1,Acanthuridae,Prionurus,laticlavius,,1,1,Prionurus laticlavius
Oeste1,OES,1,Blenniidae,Plagiotremus,azaleus,,1,1,Plagiotremus azaleus
Oeste1,OES,1,Carangidae,Caranx,caninus,J,6,6,Caranx caninus
Oeste1,OES,1,Gerreidae,Eucinostomus,dowii,,1,1,Eucinostomus dowii
Oeste1,OES,1,Gerreidae,Eucinostomus,sp,,3,3,Eucinostomus sp
Oeste1,OES,1,Gobiidae,,sp,,1,1,Gobiidae sp
Oeste1,OES,1,Labridae,Bodianus,diplotaenia,AD,1,1,Bodianus diplotaenia
Oeste1,OES,1,Mugilidae,Xenomugil,thoburni,,18,18,Xenomugil thoburni
Oeste1,OES,1,Pomacanthidae,Holacanthus,passer,,1,1,Holacanthus passer
Oeste1,OES,1,Pomacentridae,Stegastes,arcifrons,,5,5,Stegastes arcifrons
Oeste1,OES,1,Serranidae,Epinephelus,labriformis,,3,3,Epinephelus labriformis
Oeste1,OES,1,Schoolsilveryfish,,sp,,10,10,Schoolsilveryfish sp
Oeste1,OES,1,Tetraodontidae,Sphoeroides,annulatus,,3,3,Sphoeroides annulatus
Oeste2,OES,2,Acanthuridae,Prionurus,laticlavius,,3,3,Prionurus laticlavius
Oeste2,OES,2,Carangidae,Caranx,caninus,J,10,10,Caranx caninus
Oeste2,OES,2,Carcharhinidae,Triaenodon,obesus,,1,1,Triaenodon obesus
Oeste2,OES,2,Gerreidae,Eucinostomus,dowii,,1,1,Eucinostomus dowii
Oeste2,OES,2,Gerreidae,Eucinostomus,sp,,3,3,Eucinostomus sp
Oeste2,OES,2,Labridae,Bodianus,diplotaenia,AD,2,2,Bodianus diplotaenia
Oeste2,OES,2,Mugilidae,Xenomugil,thoburni,,100,100,Xenomugil thoburni
Oeste2,OES,2,Pomacanthidae,Holacanthus,passer,,1,1,Holacanthus passer
Oeste2,OES,2,Schoolsilveryfish,,sp,,10,10,Schoolsilveryfish sp
Oeste2,OES,2,Tetraodontidae,Sphoeroides,annulatus,,14,14,Sphoeroides annulatus
Oeste3,OES,3,Blenniidae,Ophioblennius,steindachneri,,1,1,Ophioblennius steindachneri
Oeste3,OES,3,Blenniidae,Plagiotremus,azaleus,,5,5,Plagiotremus azaleus
Oeste3,OES,3,Carcharhinidae,Carcharhinus,limbatus,,1,1,Carcharhinus limbatus
Oeste3,OES,3,Carcharhinidae,Triaenodon,obesus,F,1,2,Triaenodon obesus
Oeste3,OES,3,Carcharhinidae,Triaenodon,obesus,M,1,2,Triaenodon obesus
Oeste3,OES,3,Gerreidae,Eucinostomus,dowii,,1,1,Eucinostomus dowii
Oeste3,OES,3,Gerreidae,Eucinostomus,sp,,16,16,Eucinostomus sp
Oeste3,OES,3,Haemulidae,Xenocys,jessiae,,300,300,Xenocys jessiae
Oeste3,OES,3,Labridae,Bodianus,diplotaenia,,1,3,Bodianus diplotaenia
Oeste3,OES,3,Labridae,Bodianus,diplotaenia,AD,3,3,Bodianus diplotaenia
Oeste3,OES,3,Labridae,Halichoeres,dispilus,AD,1,1,Halichoeres dispilus
Oeste3,OES,3,Labridae,Halichoeres,nicholsi,AD,3,3,Halichoeres nicholsi
Oeste3,OES,3,Labridae,Thalassoma,lucasanum,,3,3,Thalassoma lucasanum
Oeste3,OES,3,Mugilidae,Mugil,sp,,75,75,Mugil sp
Oeste3,OES,3,Muraenidae,,sp,,1,1,Muraenidae sp
Oeste3,OES,3,Pomacanthidae,Holacanthus,passer,,2,2,Holacanthus passer
Oeste3,OES,3,Pomacentridae,Abudefduf,troschelii,,4,4,Abudefduf troschelii
Oeste3,OES,3,Pomacentridae,Stegastes,arcifrons,,3,3,Stegastes arcifrons
Oeste3,OES,3,Pomacentridae,Stegastes,beebei,,5,5,Stegastes beebei
Oeste3,OES,3,Scaridae,Scarus,ghobban,AD,2,2,Scarus ghobban
Oeste3,OES,3,Schoolsilveryfish,,sp,,50,50,Schoolsilveryfish sp
Oeste3,OES,3,Serranidae,Epinephelus,labriformis,,4,4,Epinephelus labriformis
Oeste3,OES,3,Serranidae,Serranus,psittacinus,,1,1,Serranus psittacinus
Oeste3,OES,3,Sphyraenidae,Sphyraena,idiastes,,7,7,Sphyraena idiastes
Oeste3,OES,3,Tetraodontidae,Sphoeroides,angusticeps,,1,1,Sphoeroides angusticeps
Oeste3,OES,3,Tetraodontidae,Sphoeroides,annulatus,,4,4,Sphoeroides annulatus
LaBomba1,BOM,1,Blenniidae,Ophioblennius,steindachneri,,2,2,Ophioblennius steindachneri
LaBomba1,BOM,1,Fistulariidae,Fistularia,commersonii,,6,6,Fistularia commersonii
LaBomba1,BOM,1,Labridae,,sp,,4,4,Labridae sp
LaBomba1,BOM,1,Labridae,Bodianus,diplotaenia,AD,1,1,Bodianus diplotaenia
LaBomba1,BOM,1,Labridae,Halichoeres,nicholsi,AD,2,2,Halichoeres nicholsi
LaBomba1,BOM,1,Labridae,Thalassoma,lucasanum,,6,6,Thalassoma lucasanum
LaBomba1,BOM,1,Muraenidae,,sp,,2,2,Muraenidae sp
LaBomba1,BOM,1,Pomacentridae,Abudefduf,troschelii,,7,7,Abudefduf troschelii
LaBomba1,BOM,1,Pomacentridae,Stegastes,arcifrons,,2,2,Stegastes arcifrons
LaBomba1,BOM,1,Pomacentridae,Stegastes,beebei,,6,6,Stegastes beebei
LaBomba1,BOM,1,Scaridae,Scarus,ghobban,AD,1,1,Scarus ghobban
LaBomba1,BOM,1,Schoolsilveryfish,,sp,,25,25,Schoolsilveryfish sp
LaBomba1,BOM,1,Serranidae,Epinephelus,labriformis,,1,1,Epinephelus labriformis
LaBomba1,BOM,1,Serranidae,Paranthias,colonus,,1,1,Paranthias colonus
LaBomba2,BOM,2,Haemulidae,,sp,NA,1,1,Haemulidae sp
LaBomba2,BOM,2,Labridae,Thalassoma,lucasanum,NA,2,2,Thalassoma lucasanum
LaBomba2,BOM,2,Mugilidae,Mugil,sp,NA,36,36,Mugil sp
LaBomba2,BOM,2,Mugilidae,Xenomugil,thoburni,NA,80,80,Xenomugil thoburni
LaBomba2,BOM,2,Pomacentridae,Abudefduf,troschelii,NA,1,1,Abudefduf troschelii
LaBomba2,BOM,2,Pomacentridae,Stegastes,arcifrons,NA,3,3,Stegastes arcifrons
LaBomba2,BOM,2,Pomacentridae,Stegastes,beebei,NA,1,1,Stegastes beebei
LaBomba2,BOM,2,Serranidae,Serranus,psittacinus,NA,1,1,Serranus psittacinus
LaBomba3,BOM,3,Blenniidae,Plagiotremus,azaleus,,3,3,Plagiotremus azaleus
LaBomba3,BOM,3,Carangidae,Caranx,caninus,J,2,2,Caranx caninus
LaBomba3,BOM,3,Carangidae,Decapterus,sp,,19,19,Decapterus sp
LaBomba3,BOM,3,Carcharhinidae,Carcharhinus,limbatus,,2,2,Carcharhinus limbatus
LaBomba3,BOM,3,Carcharhinidae,Carcharhinus,limbatus,F,2,2,Carcharhinus limbatus
LaBomba3,BOM,3,Chaetodontidae,Chaetodon,humeralis,,3,3,Chaetodon humeralis
LaBomba3,BOM,3,Dasyatidae,Dasyatis,brevis,F,2,2,Dasyatis brevis
LaBomba3,BOM,3,Dasyatidae,Dasyatis,brevis,M,1,2,Dasyatis brevis
LaBomba3,BOM,3,Gerreidae,Eucinostomus,currani,,3,3,Eucinostomus currani
LaBomba3,BOM,3,Gerreidae,Eucinostomus,dowii,,2,2,Eucinostomus dowii
LaBomba3,BOM,3,Gerreidae,Eucinostomus,sp,,11,11,Eucinostomus sp
LaBomba3,BOM,3,Haemulidae,Haemulon,sexfasciatum,,2,2,Haemulon sexfasciatum
LaBomba3,BOM,3,Haemulidae,Haemulon,sp,,15,15,Haemulon sp
LaBomba3,BOM,3,Haemulidae,Haemulon,steindachneri,,3,3,Haemulon steindachneri
LaBomba3,BOM,3,Haemulidae,Orthopristis,lethopristis,,2,2,Orthopristis lethopristis
LaBomba3,BOM,3,Labridae,Bodianus,diplotaenia,AD,1,1,Bodianus diplotaenia
LaBomba3,BOM,3,Labridae,Halichoeres,dispilus,AD,1,1,Halichoeres dispilus
LaBomba3,BOM,3,Labridae,Halichoeres,nicholsi,,1,1,Halichoeres nicholsi
LaBomba3,BOM,3,Lutjanidae,Lutjanus,argentiventris,,5,5,Lutjanus argentiventris
LaBomba3,BOM,3,Mugilidae,Mugil,sp,,20,20,Mugil sp
LaBomba3,BOM,3,Mugilidae,Xenomugil,thoburni,,17,17,Xenomugil thoburni
LaBomba3,BOM,3,Myliobatidae,Aetobatus,laticeps,,2,2,Aetobatus laticeps
LaBomba3,BOM,3,Pomacentridae,Abudefduf,troschelii,,1,1,Abudefduf troschelii
LaBomba3,BOM,3,Pomacentridae,Stegastes,arcifrons,,5,5,Stegastes arcifrons
LaBomba3,BOM,3,Scaridae,Scarus,ghobban,AD,3,3,Scarus ghobban
LaBomba3,BOM,3,Schoolsilveryfish,,sp,,80,80,Schoolsilveryfish sp
LaBomba3,BOM,3,Sparidae,Archosargus,pourtalesii,,4,4,Archosargus pourtalesii
LaBomba3,BOM,3,Sphyraenidae,Sphyraena,idiastes,,1,1,Sphyraena idiastes
TortugaNegra1,TOR,1,Chaetodontidae,Chaetodon,humeralis,,3,3,Chaetodon humeralis
TortugaNegra1,TOR,1,Chanidae,Chanos,chanos,,7,7,Chanos chanos
TortugaNegra1,TOR,1,Cheloniidae,Chelonia ,mydas,F,1,1,Chelonia  mydas
TortugaNegra1,TOR,1,Cheloniidae,Chelonia ,mydas,M,1,1,Chelonia  mydas
TortugaNegra1,TOR,1,Gerreidae,Eucinostomus,currani,,1,1,Eucinostomus currani
TortugaNegra1,TOR,1,Gerreidae,Eucinostomus,sp,,3,3,Eucinostomus sp
TortugaNegra1,TOR,1,Gerreidae,Gerres,simillimus,,9,9,Gerres simillimus
TortugaNegra1,TOR,1,Haemulidae,Anisotremus,interruptus,,1,1,Anisotremus interruptus
TortugaNegra1,TOR,1,Haemulidae,Haemulon,scudderii,,25,25,Haemulon scudderii
TortugaNegra1,TOR,1,Haemulidae,Orthopristis,sp,,37,37,Orthopristis sp
TortugaNegra1,TOR,1,Labridae,Bodianus,diplotaenia,AD,2,2,Bodianus diplotaenia
TortugaNegra1,TOR,1,Labridae,Halichoeres,dispilus,AD,1,1,Halichoeres dispilus
TortugaNegra1,TOR,1,Lutjanidae,Hoplopagrus,guentherii,,1,1,Hoplopagrus guentherii
TortugaNegra1,TOR,1,Lutjanidae,Lutjanus,argentiventris,,1,1,Lutjanus argentiventris
TortugaNegra1,TOR,1,Lutjanidae,Lutjanus,novemfasciatus,,3,3,Lutjanus novemfasciatus
TortugaNegra1,TOR,1,Mugilidae,Mugil,sp,,4,4,Mugil sp
TortugaNegra1,TOR,1,Muraenidae,Muraena,clepsydra,,1,1,Muraena clepsydra
TortugaNegra1,TOR,1,Pomacentridae,Abudefduf,troschelii,,11,11,Abudefduf troschelii
TortugaNegra1,TOR,1,Pomacentridae,Stegastes,arcifrons,,14,14,Stegastes arcifrons
TortugaNegra1,TOR,1,Pomacentridae,Stegastes,beebei,,1,1,Stegastes beebei
TortugaNegra1,TOR,1,Scaridae,Scarus,compressus,AD,1,1,Scarus compressus
TortugaNegra1,TOR,1,Scaridae,Scarus,ghobban,AD,26,26,Scarus ghobban
TortugaNegra1,TOR,1,Serranidae,Mycteroperca,olfax,,1,1,Mycteroperca olfax
TortugaNegra1,TOR,1,Sparidae,Archosargus,pourtalesii,,2,2,Archosargus pourtalesii
TortugaNegra1,TOR,1,Tetraodontidae,Sphoeroides,angusticeps,,1,1,Sphoeroides angusticeps
TortugaNegra1,TOR,1,Tetraodontidae,Sphoeroides,annulatus,,16,16,Sphoeroides annulatus
TortugaNegra2,TOR,2,Carangidae,Caranx,sp,NA,1,1,Caranx sp
TortugaNegra2,TOR,2,Cheloniidae,Chelonia ,mydas,NA,1,1,Chelonia  mydas
TortugaNegra2,TOR,2,Gerreidae,Eucinostomus,dowii,NA,1,1,Eucinostomus dowii
TortugaNegra2,TOR,2,Gerreidae,Eucinostomus,sp,NA,3,3,Eucinostomus sp
TortugaNegra2,TOR,2,Gerreidae,Gerres,simillimus,NA,1,1,Gerres simillimus
TortugaNegra2,TOR,2,Haemulidae,Orthopristis,sp,NA,30,30,Orthopristis sp
TortugaNegra2,TOR,2,Lutjanidae,Lutjanus,argentiventris,NA,1,1,Lutjanus argentiventris
TortugaNegra2,TOR,2,Myliobatidae,Aetobatus,laticeps,NA,1,1,Aetobatus laticeps
TortugaNegra2,TOR,2,Schoolsilveryfish,,sp,NA,100,100,Schoolsilveryfish sp
TortugaNegra2,TOR,2,Schoolsilveryfish,,sp,NA,15,15,Schoolsilveryfish sp
TortugaNegra2,TOR,2,Sparidae,Archosargus,pourtalesii,NA,1,1,Archosargus pourtalesii
TortugaNegra2,TOR,2,Tetraodontidae,Sphoeroides,annulatus,NA,7,7,Sphoeroides annulatus
TortugaNegra3,TOR,3,Chaetodontidae,Chaetodon,humeralis,,2,2,Chaetodon humeralis
TortugaNegra3,TOR,3,Gerreidae,Eucinostomus,sp,,1,1,Eucinostomus sp
TortugaNegra3,TOR,3,Haemulidae,Orthopristis,lethopristis,,2,2,Orthopristis lethopristis
TortugaNegra3,TOR,3,Labridae,Halichoeres,nicholsi,AD,1,1,Halichoeres nicholsi
TortugaNegra3,TOR,3,Labridae,Thalassoma,lucasanum,,1,1,Thalassoma lucasanum
TortugaNegra3,TOR,3,Lutjanidae,Lutjanus,argentiventris,,1,1,Lutjanus argentiventris
TortugaNegra3,TOR,3,Pomacentridae,Stegastes,arcifrons,,18,18,Stegastes arcifrons
TortugaNegra3,TOR,3,Scaridae,Scarus,ghobban,AD,9,9,Scarus ghobban
TortugaNegra3,TOR,3,Blenniidae,Plagiotremus,azaleus,,2,2,Plagiotremus azaleus
TortugaNegra3,TOR,3,Carcharhinidae,Triaenodon,obesus,,1,1,Triaenodon obesus
TortugaNegra3,TOR,3,Haemulidae,Anisotremus,interruptus,,1,1,Anisotremus interruptus
TortugaNegra3,TOR,3,Haemulidae,Orthopristis,sp,,15,15,Orthopristis sp
TortugaNegra3,TOR,3,Labridae,Thalassoma,lucasanum,AD,1,1,Thalassoma lucasanum
TortugaNegra3,TOR,3,Lutjanidae,Hoplopagrus,guentherii,,1,1,Hoplopagrus guentherii
TortugaNegra3,TOR,3,Pomacentridae,Abudefduf,troschelii,,24,24,Abudefduf troschelii
TortugaNegra3,TOR,3,Schoolsilveryfish,,sp,,100,100,Schoolsilveryfish sp
TortugaNegra3,TOR,3,Tetraodontidae,Sphoeroides,annulatus,,15,15,Sphoeroides annulatus
Itabaca1,ITA,1,Acanthuridae,Prionurus,laticlavius,,1,1,Prionurus laticlavius
Itabaca1,ITA,1,Chaetodontidae,Chaetodon,humeralis,,1,1,Chaetodon humeralis
Itabaca1,ITA,1,Fistulariidae,Fistularia,commersonii,,3,3,Fistularia commersonii
Itabaca1,ITA,1,Haemulidae,Anisotremus,interruptus,,1,1,Anisotremus interruptus
Itabaca1,ITA,1,Labridae,Bodianus,diplotaenia,AD,2,2,Bodianus diplotaenia
Itabaca1,ITA,1,Labridae,Halichoeres,nicholsi,AD,1,1,Halichoeres nicholsi
Itabaca1,ITA,1,Labridae,Thalassoma,lucasanum,,17,17,Thalassoma lucasanum
Itabaca1,ITA,1,Myliobatidae,Aetobatus,laticeps,F,1,1,Aetobatus laticeps
Itabaca1,ITA,1,Pomacentridae,Abudefduf,concolor,,1,1,Abudefduf concolor
Itabaca1,ITA,1,Pomacentridae,Abudefduf,troschelii,,1,1,Abudefduf troschelii
Itabaca1,ITA,1,Pomacentridae,Stegastes,arcifrons,,10,10,Stegastes arcifrons
Itabaca1,ITA,1,Scaridae,Scarus,ghobban,AD,4,4,Scarus ghobban
Itabaca1,ITA,1,Tetraodontidae,Sphoeroides,annulatus,,13,13,Sphoeroides annulatus
Itabaca2,ITA,2,Diodontidae,Diodon,hystrix,,1,1,Diodon hystrix
Itabaca2,ITA,2,Fistulariidae,Fistularia,commersonii,,3,3,Fistularia commersonii
Itabaca2,ITA,2,Gerreidae,Eucinostomus,currani,,1,1,Eucinostomus currani
Itabaca2,ITA,2,Gerreidae,Eucinostomus,dowii,,1,1,Eucinostomus dowii
Itabaca2,ITA,2,Labridae,,sp,J,3,3,Labridae sp
Itabaca2,ITA,2,Labridae,Halichoeres,nicholsi,AD,2,2,Halichoeres nicholsi
Itabaca2,ITA,2,Labridae,Thalassoma,lucasanum,,6,6,Thalassoma lucasanum
Itabaca2,ITA,2,Labridae,Thalassoma,lucasanum,AD,3,6,Thalassoma lucasanum
Itabaca2,ITA,2,Pomacanthidae,Holacanthus,passer,,1,1,Holacanthus passer
Itabaca2,ITA,2,Pomacentridae,Abudefduf,concolor,,1,1,Abudefduf concolor
Itabaca2,ITA,2,Pomacentridae,Abudefduf,troschelii,,2,2,Abudefduf troschelii
Itabaca2,ITA,2,Pomacentridae,Stegastes,arcifrons,,18,18,Stegastes arcifrons
Itabaca2,ITA,2,Scaridae,,sp,J,1,1,Scaridae sp
Itabaca2,ITA,2,Scaridae,Nicholsina,denticulata,,4,4,Nicholsina denticulata
Itabaca2,ITA,2,Scaridae,Scarus,ghobban,,5,5,Scarus ghobban
Itabaca2,ITA,2,Scaridae,Scarus,ghobban,AD,5,5,Scarus ghobban
Itabaca2,ITA,2,Serranidae,Mycteroperca,olfax,,1,1,Mycteroperca olfax
Itabaca2,ITA,2,Sphyraenidae,Sphyraena,idiastes,,50,50,Sphyraena idiastes
Itabaca2,ITA,2,Tetraodontidae,Sphoeroides,annulatus,,10,10,Sphoeroides annulatus
Itabaca3,ITA,3,Chaetodontidae,Chaetodon,humeralis,,1,1,Chaetodon humeralis
Itabaca3,ITA,3,Cheloniidae,Chelonia ,mydas,F,1,1,Chelonia  mydas
Itabaca3,ITA,3,Fistulariidae,Fistularia,commersonii,,1,1,Fistularia commersonii
Itabaca3,ITA,3,Gerreidae,Eucinostomus,sp,,4,4,Eucinostomus sp
Itabaca3,ITA,3,Haemulidae,Haemulon,scudderii,,1,1,Haemulon scudderii
Itabaca3,ITA,3,Haemulidae,Orthopristis,lethopristis,,1,1,Orthopristis lethopristis
Itabaca3,ITA,3,Labridae,,sp,J,4,4,Labridae sp
Itabaca3,ITA,3,Labridae,Halichoeres,nicholsi,,1,1,Halichoeres nicholsi
Itabaca3,ITA,3,Labridae,Thalassoma,lucasanum,,1,1,Thalassoma lucasanum
Itabaca3,ITA,3,Pomacentridae,Abudefduf,concolor,,1,1,Abudefduf concolor
Itabaca3,ITA,3,Pomacentridae,Abudefduf,troschelii,,2,2,Abudefduf troschelii
Itabaca3,ITA,3,Pomacentridae,Stegastes,arcifrons,,15,15,Stegastes arcifrons
Itabaca3,ITA,3,Scaridae,Scarus,ghobban,,45,45,Scarus ghobban
Itabaca3,ITA,3,Serranidae,Serranus,psittacinus,,1,1,Serranus psittacinus
Itabaca3,ITA,3,Tetraodontidae,Sphoeroides,angusticeps,,1,1,Sphoeroides angusticeps
Itabaca3,ITA,3,Tetraodontidae,Sphoeroides,annulatus,,19,19,Sphoeroides annulatus
PuertoGrande1,PUEG,1,Aulostomidae,Aulostomus,chinensis,,1,1,Aulostomus chinensis
PuertoGrande1,PUEG,1,Blenniidae,Plagiotremus,azaleus,,1,1,Plagiotremus azaleus
PuertoGrande1,PUEG,1,Carangidae,Caranx,caninus,J,40,40,Caranx caninus
PuertoGrande1,PUEG,1,Carcharhinidae,Carcharhinus,limbatus,,1,1,Carcharhinus limbatus
PuertoGrande1,PUEG,1,Gerreidae,Eucinostomus,currani,,1,1,Eucinostomus currani
PuertoGrande1,PUEG,1,Lutjanidae,Lutjanus,argentiventris,,5,5,Lutjanus argentiventris
PuertoGrande1,PUEG,1,Mugilidae,Mugil,sp,,50,50,Mugil sp
PuertoGrande1,PUEG,1,Pomacentridae,Abudefduf,troschelii,,1,1,Abudefduf troschelii
PuertoGrande1,PUEG,1,Schoolsilveryfish,,sp,J,150,150,Schoolsilveryfish sp
PuertoGrande1,PUEG,1,Sparidae,Archosargus,pourtalesii,,4,4,Archosargus pourtalesii
PuertoGrande1,PUEG,1,Tetraodontidae,Sphoeroides,annulatus,,6,6,Sphoeroides annulatus
PuertoGrande2,PUEG,2,Carangidae,Caranx,caninus,J,3,3,Caranx caninus
PuertoGrande2,PUEG,2,Gerreidae,Eucinostomus,currani,,2,2,Eucinostomus currani
PuertoGrande2,PUEG,2,Gerreidae,Eucinostomus,sp,,2,2,Eucinostomus sp
PuertoGrande2,PUEG,2,Labridae,,sp,,1,1,Labridae sp
PuertoGrande2,PUEG,2,Mugilidae,Mugil,sp,,18,18,Mugil sp
PuertoGrande2,PUEG,2,Mugilidae,Xenomugil,thoburni,,35,35,Xenomugil thoburni
PuertoGrande2,PUEG,2,Pomacentridae,Abudefduf,troschelii,,4,4,Abudefduf troschelii
PuertoGrande2,PUEG,2,Schoolsilveryfish,,sp,,150,150,Schoolsilveryfish sp
PuertoGrande2,PUEG,2,Sparidae,Archosargus,pourtalesii,,5,5,Archosargus pourtalesii
PuertoGrande2,PUEG,2,Tetraodontidae,Sphoeroides,annulatus,,13,13,Sphoeroides annulatus
PuertoGrande3,PUEG,3,Blenniidae,Plagiotremus,azaleus,NA,1,1,Plagiotremus azaleus
PuertoGrande3,PUEG,3,Carangidae,Decapterus,sp,NA,1,1,Decapterus sp
PuertoGrande3,PUEG,3,Haemulidae,Orthopristis,sp,NA,100,100,Orthopristis sp
PuertoGrande3,PUEG,3,Hamiramphidae,Hemiramphus,sp,NA,7,7,Hemiramphus sp
PuertoGrande3,PUEG,3,Mugilidae,Mugil,sp,NA,25,25,Mugil sp
PuertoGrande3,PUEG,3,Pomacentridae,Abudefduf,troschelii,NA,1,1,Abudefduf troschelii
PuertoGrande3,PUEG,3,Schoolsilveryfish,,sp,NA,300,300,Schoolsilveryfish sp
PuertoGrande3,PUEG,3,Schoolsilveryfish,,s1,NA,100,100,Schoolsilveryfish sp
PuertoGrande3,PUEG,3,Tetraodontidae,Sphoeroides,annulatus,NA,1,1,Sphoeroides annulatus
LasSardinas1,POZS,1,Carangidae,Caranx,caninus,J,3,3,Caranx caninus
LasSardinas1,POZS,1,Carcharhinidae,Carcharhinus,limbatus,,2,2,Carcharhinus limbatus
LasSardinas1,POZS,1,Tetraodontidae,Sphoeroides,annulatus,,3,3,Sphoeroides annulatus
LasSardinas2,POZS,2,Blenniidae,Plagiotremus,azaleus,,1,1,Plagiotremus azaleus
LasSardinas2,POZS,2,Carangidae,Caranx,caninus,J,2,2,Caranx caninus
LasSardinas2,POZS,2,Carcharhinidae,Carcharhinus,limbatus,,1,1,Carcharhinus limbatus
LasSardinas2,POZS,2,Carcharhinidae,Carcharhinus,limbatus,F,1,1,Carcharhinus limbatus
LasSardinas2,POZS,2,Gerreidae,Eucinostomus,sp,,1,1,Eucinostomus sp
LasSardinas2,POZS,2,Haemulidae,,sp,,4,4,Haemulidae sp
LasSardinas2,POZS,2,Haemulidae,Orthopristis,sp,,3,3,Orthopristis sp
LasSardinas2,POZS,2,Labridae,Halichoeres,nicholsi,,1,1,Halichoeres nicholsi
LasSardinas2,POZS,2,Labridae,Thalassoma,lucasanum,,1,1,Thalassoma lucasanum
LasSardinas2,POZS,2,Lutjanidae,Lutjanus,argentiventris,,1,1,Lutjanus argentiventris
LasSardinas2,POZS,2,Mugilidae,Mugil,galapagensis,,1,1,Mugil galapagensis
LasSardinas2,POZS,2,Mugilidae,Mugil,sp,,200,200,Mugil sp
LasSardinas2,POZS,2,Mugilidae,Xenomugil,thoburni,,100,100,Xenomugil thoburni
LasSardinas2,POZS,2,Pomacentridae,Abudefduf,troschelii,,10,10,Abudefduf troschelii
LasSardinas2,POZS,2,Pomacentridae,Stegastes,arcifrons,,12,12,Stegastes arcifrons
LasSardinas2,POZS,2,Serranidae,,sp,,1,1,Serranidae sp
LasSardinas3,POZS,3,Lutjanidae,Lutjanus,argentiventris,NA,2,2,Lutjanus argentiventris
LasSardinas3,POZS,3,Mugilidae,Mugil,sp,NA,20,20,Mugil sp
LasSardinas3,POZS,3,Mugilidae,Xenomugil,thoburni,NA,50,50,Xenomugil thoburni
LasSardinas3,POZS,3,Schoolsilveryfish,,sp,NA,20,20,Schoolsilveryfish sp
LasSardinas3,POZS,3,Tetraodontidae,Sphoeroides,annulatus,NA,4,4,Sphoeroides annulatus
