ScientificName,validAphiaID,ValidName,Family,Genus,Rank,CommonName,TrophicCat,TrophicLevel,CommImp,Distribution,Range,Habitat,JuvLgth_m,MaxLgth_m,IUCNStatus,a,b,LengthType,LenLenRatio
Abudefduf concolor,273696,Abudefduf concolor,Pomacentridae,Abudefduf,Species,Dusky sergeant major,Planktivore,2.68,No,Tropical,Panamic,Reef,0.06,0.19,LC,0.02455,3,TL,1.089324619
Abudefduf troschelii,273702,Abudefduf troschelii,Pomacentridae,Abudefduf,Species,Panamic sergeant major,Planktivore,3,No,Tropical,Panamic,"Reef, nearshore",0.08,0.23,LC,0.02455,3,TL,1.149425287
Acanthocybium solandri,127014,Acanthocybium solandri,Scombridae,Acanthocybium,Species,Wahoo,Carnivore,4.42,High,NA,NA,Pelagic,0.83,2.5,LC,0.0021,3.26,FL,1
Acanthurus nigricans,219638,Acanthurus nigricans,Acanthuridae,Acanthurus,Species,Whitecheek surgeonfish,Herbivore,2,No,NA,NA,Reef,0.07,0.21,LC,0.067,2.669,FL,1
Acanthurus xanthopterus,219634,Acanthurus xanthopterus,Acanthuridae,Acanthurus,Species,Yellowfin surgeonfish,Herbivore,2.87,No,NA,NA,Reef,0.23,0.7,LC,0.0339,2.9,FL,1
Aetobatus narinari,217426,Aetobatus narinari,Myliobatidae,Aetobatus,Species,Spotted eagle ray,Carnivore,4.2,No,Subtropical,Circumtropical,"Reef, nearshore, benthopelagic",0.77,2.3,NT,0.0059,3.13,DW,1
Aetobatus ocellatus,278243,Aetobatus ocellatus,Myliobatidae,Aetobatus,Species,Ocellated eagle ray,Carnivore,3.6,No,Tropical/Subtropical,Indo West Pacific,Benthopelagic,0.51,1.53,VU,0.01,3.04,DW,1
Aetobatus sp,205558,Aetobatus sp,Myliobatidae,Aetobatus,Genus,Eagle ray,Carnivore,,,,,,,,,,,,
Alectis ciliaris,159629,Alectis ciliaris,Carangidae,Alectis,Species,African pompano,Carnivore,3.46,High,NA,NA,Reef,0.5,1.5,LC,0.019,2.894,TL,1.123595506
Anisotremus interruptus,279619,Anisotremus interruptus,Haemulidae,Anisotremus,Species,Burrito grunt,Carnivore,3.5,Low,Tropical,Panamic,Reef,0.17,0.51,LC,0.0569,2.91,FL,1
Anisotremus scapularis,279622,Anisotremus scapularis,Haemulidae,Anisotremus,Species,Peruvian grunt,Carnivore,3.7,No,Tropical,Panamic,Reef,0.13,0.4,LC,0.0199,3.013,TL,1.044932079
Apogon atradorsatus,272977,Apogon atradorsatus,Apogonidae,Apogon,Species,Blacktip cardinalfish,Planktivore,3.6,No,Tropical,Eastern Pacific Oceanic Islands,Reef,0.04,0.13,LC,0.01072,3.1,TL,1.047
Apogon sp,125913,Apogon sp,Apogonidae,Apogon,Genus,Cardinalfish,Planktivore,,,,,,,,,,,,
Archosargus pourtalesii,275965,Archosargus pourtalesii,Sparidae,Archosargus,Species,Galapagos seabream,Carnivore,2.9,Low,Tropical,Endemic,"Reef, nearshore",0.12,0.36,NT,0.02239,2.94,TL,1.083
Arothron hispidus,219925,Arothron hispidus,Tetraodontidae,Arothron,Species,White-spotted puffer,Carnivore,3.2,No,Tropical,Panamic/IndoWest Pacific,"Reef, nearshore",0.17,0.5,LC,0.057,2.801,FL,1
Arothron meleagris,219926,Arothron meleagris,Tetraodontidae,Arothron,Species,Guineafowl puffer,Carnivore,3.6,No,Tropical,Panamic/IndoWest Pacific,"Reef, nearshore",0.17,0.5,LC,0.057,2.801,FL,1
Aulostomus chinensis,217964,Aulostomus chinensis,Aulostomidae,Aulostomus,Species,Chinese trumpetfish,Carnivore,4.2,No,Tropical,Panamic,Reef,0.27,0.8,LC,0.0002,3.5144,FL,1
Balistes polylepis,275234,Balistes polylepis,Balistidae,Balistes,Species,Finescale triggerfish,Carnivore,3.34,No,Subtropical,Panamic,Reef,0.27,0.8,LC,0.043,2.71,FL,1
Bodianus diplotaenia,273527,Bodianus diplotaenia,Labridae,Bodianus,Species,Mexican hogfish,Carnivore,3.4,Low,Subtropical,Panamic,Reef,0.25,0.76,LC,0.0123,3.04,FL,1
Bodianus eclancheri,273528,Bodianus eclancheri,Labridae,Bodianus,Species,Harlequin wrasse,Carnivore,2.7,No,Tropical,Chilean,"Reef, nearshore",0.2,0.61,LC,0.01202,3.05,TL,1.111
Calamus brachysomus,275967,Calamus brachysomus,Sparidae,Calamus,Species,Pacific porgy,Carnivore,3.8,No,Subtropical,Panamic,"Reef, nearshore",0.2,0.61,LC,0.398,2.876,FL,1
Canthidermis maculata,127398,Canthidermis maculata,Balistidae,Canthidermis,Species,Rough triggerfish,Planktivore,3.47,No,NA,NA,Reef,0.17,0.5,LC,0.0176,3.055,FL,1
Carangidae sp,125523,Carangidae sp,Carangidae,NA,Family,Jacks,,,,,,,,,,,,,
Caranx caballus,273271,Caranx caballus,Carangidae,Caranx,Species,Green jack,Carnivore,4.1,Medium,Subtropical,Panamic,"Pelagic, nearshore",0.18,0.55,LC,0.0325,2.91,FL,1
Caranx caninus,273272,Caranx caninus,Carangidae,Caranx,Species,Pacific crevalle jack,Carnivore,3.9,SportsFishing,Subtropical,Panamic,"Pelagic, nearshore",0.34,1.01,LC,0.0166,2.92,TL,1.145475372
Caranx lugubris,126805,Caranx lugubris,Carangidae,Caranx,Species,Black jack,Apex,4,SportsFishing,NA,NA,Benthopelagic,0.33,1,LC,0.0251,2.84,FL,1
Caranx melampygus,218419,Caranx melampygus,Carangidae,Caranx,Species,Bluefin trevally,Apex,4.28,No,NA,NA,Reef,0.39,1.17,LC,0.234,2.918,FL,1
Caranx sexfasciatus,218404,Caranx sexfasciatus,Carangidae,Caranx,Species,Bigeye trevally,Carnivore,4.5,SportsFishing,Tropical/Subtropical,IndoPacific,"Pelagic, reefs",0.4,1.2,LC,0.0265,3.005,SL,0.9
Caranx sp,125936,Caranx sp,Carangidae,Caranx,Genus,Jacks,,,,,,,,,,,,,
Caranx vinctus,273275,Caranx vinctus,Carangidae,Caranx,Species,Strip jack,Carnivore,3.7,No,Tropical,Eastern Central Pacific,Pelagic,0.12,0.37,LC,0.01738,2.95,TL,1.102535832
Carcharhinus sp,105719,Carcharhinus sp,Carcharhinidae,Carcharhinus,Genus,Sharks,Apex,,,,,,,,,,,,
Carcharhinus altimus,105787,Carcharhinus altimus,Carcharhinidae,Carcharhinus,Species,Bignose shark,Apex,4.5,No,Subtropical,Circumglobal,Reef,1,3,DD,0.00102,3.461,FL,1
Carcharhinus falciformis,105789,Carcharhinus falciformis,Carcharhinidae,Carcharhinus,Species,Silky shark,Apex,4.4,No,NA,NA,Reef,1.17,3.5,VU,0.0464,2.75,SL,0.954198473
Carcharhinus galapagensis,105790,Carcharhinus galapagensis,Carcharhinidae,Carcharhinus,Species,Galapagos shark,Apex,4.34,No,NA,NA,Reef,1.23,3.7,NT,0.0057,3.0283,TL,1.237
Carcharhinus limbatus,105793,Carcharhinus limbatus,Carcharhinidae,Carcharhinus,Species,Blacktip shark,Apex,4.4,No,Subtropical,Circumtropical,"Reef, pelagic",0.92,2.75,NT,0.00614,3.01,TL,1.207729469
Cardisoma crassum,444442,Cardisoma crassum,Gecarcinidae,Cardisoma,Species,Giant land crab,,NA,No,Tropical,Eastern Pacific,,NA,NA,,NA,NA,,
Centropomus viridis,280070,Centropomus viridis,Centropomidae,Centropomus,Species,White snook,Carnivore,4.2,High,Tropical,Panamic,"Estuarine, nearshore",0.4,1.2,LC,0.0107,2.93,TL,1.108
Cephalopholis panamensis,279152,Cephalopholis panamensis,Serranidae,Cephalopholis,Species,Pacific graysby,Carnivore,4.2,Low,Tropical,Panamic,"Reef, nearshore",0.13,0.39,LC,0.0217,3.035,SL,0.847
Chaetodon humeralis,273343,Chaetodon humeralis,Chaetodontidae,Chaetodon,Species,Threebanded butterflyfish,Herbivore,2.7,No,Tropical,Panamic,Reef,0.08,0.25,LC,0.029,3.048,TL,1
Chanos chanos,217625,Chanos chanos,Chanidae,Chanos,Species,Milkfish,Planktivore,2.4,High,Tropical,Circumtropical,"Estuarine, nearshore",0.6,1.8,LC,0.0079,2.99,TL,1.180637544
Chelonia mydas,137206,Chelonia mydas,Cheloniidae,Chelonia,Species,Green Turtle,,NA,No,Tropical/Subtropical,Circumtropical,Coastal waters,NA,NA,EN,NA,NA,NA,NA
Cheloniidae sp,136999,Cheloniidae sp,Cheloniidae,NA,Family,Marine turtle,,,,,,,,,,,,,
Chromis atrilobata,273712,Chromis atrilobata,Pomacentridae,Chromis,Species,Scissortail damselfish,Planktivore,3.4,No,Tropical,Panamic,"Reef, nearshore",0.04,0.13,LC,0.00523,3.146,TL,1.093
Cirrhitichthys oxycephalus,218853,Cirrhitichthys oxycephalus,Cirrhitidae,Cirrhitichthys,Species,Coral hawkfish,Planktivore,4,No,Tropical,Panamic/IndoWest Pacific,Reef,0.03,0.1,LC,0.0138,3.117,TL,1
Cirrhitus rivulatus,279160,Cirrhitus rivulatus,Cirrhitidae,Cirrhitus,Species,Giant hawkfish,Carnivore,4.02,High,Tropical,Panamic,Reef,0.2,0.6,LC,0.02761,3,TL,1
Dasyatididae sp,105708,Dasyatidae sp,Dasyatidae,NA,Family,Stingrays,,,,,,,,,,,,,
Dasyatis brevis,271428,Dasyatis brevis,Dasyatidae,Dasyatis,Species,Whiptail stingray,Carnivore,3.8,No,Subtropical,Panamic,Bottom-dweller,0.62,1.87,DD,0.00711,3,DW,1
Dasyatis dipterura,1042857,Hypanus dipterurus,Dasyatidae,Hypanus,Species,Diamond stingray,Carnivore,3.5,No,Subtropical,Panamic,Bottom-dweller,0.6,1.8,DD,0.00676,3.07,DW,1
Dasyatis longus,1042860,Hypanus longus,Dasyatidae,Hypanus,Species,Longtail stingray,Carnivore,3.5,No,Tropical,Panamic,"Reef, bottom-dweller",0.87,2.6,DD,0.00676,3.07,DW,1
Dasyatis sp,105751,Dasyatis sp,Dasyatidae,Dasyatis,Genus,Stingrays,,,,,,,,,,,,,
Decapterus sp,125937,Decapterus sp,Carangidae,Decapterus,Genus,Scad,,,,,,,,,,,,,
Dermatolepis dermatolepis,276919,Dermatolepis dermatolepis,Serranidae,Dermatolepis,Species,Leather bass,Carnivore,4.5,SportsFishing,Subtropical,Panamic,"Reef, nearshore",0.33,1,LC,0.017,3,TL,1
Diodon hystrix,127403,Diodon hystrix,Diodontidae,Diodon,Species,Spot-fin porcupinefish,Carnivore,3.7,No,Subtropical,Circumtropical,Reef,0.3,0.91,LC,0.532,2.276,TL,1
Diodontidae sp,125608,Diodontidae sp,Diodontidae,NA,Family,Porcupinefishes,,,,,,,,,,,,,
Elagatis bipinnulata,126809,Elagatis bipinnulata,Carangidae,Elagatis,Species,Rainbow runner,Carnivore,3.59,SportsFishing,NA,NA,Reef,0.6,1.8,LC,0.016,2.754,TL,1.19
Enchelycore lichenosa,271807,Enchelycore lichenosa,Muraenidae,Enchelycore,Species,Reticulate hookjaw moray,Carnivore,4.5,No,Tropical,Panamic/IndoWest Pacific,"Reef, nearshore, bottom-dweller",0.3,0.9,LC,0.00107,3.07,TL,1
Epinephelus labriformis,273858,Epinephelus labriformis,Serranidae,Epinephelus,Species,Starry grouper,Carnivore,4,Low,Tropical,Panamic,"Reef, nearshore, bottom-dweller",0.2,0.6,LC,0.0343,2.9,TL,1
Eucinostomus currani,276416,Eucinostomus currani,Gerreidae,Eucinostomus,Species,Pacific flagfin mojarra,Carnivore,3.3,No,Tropical,Panamic,"Estuarine, nearshore",0.07,0.21,LC,0.012,3.08,TL,1.178
Eucinostomus dowii,276417,Eucinostomus dowii,Gerreidae,Eucinostomus,Species,Silver mojarra,Carnivore,3.2,No,Tropical,Panamic,"Estuarine, nearshore, bottom-dweller",0.07,0.2,LC,0.0102,3.19,TL,1.158
Eucinostomus sp,159731,Eucinostomus sp,Gerreidae,Eucinostomus,Genus,Mojarra,,,,,,,,,,,,,
Fistularia commersonii,217966,Fistularia commersonii,Fistulariidae,Fistularia,Species,Bluespotted cornetfish,Carnivore,4.3,No,Tropical,Panamic/IndoWest Pacific,Reef,0.4,1.2,LC,0.0115,2.63,TL,1
Forcipiger flavissimus,218760,Forcipiger flavissimus,Chaetodontidae,Forcipiger,Species,Longnose butterfly fish,Carnivore,3.38,No,NA,NA,Reef,0.07,0.22,LC,0.01249,3,TL,1
Gerreidae sp,151456,Gerreidae sp,Gerreidae,NA,Family,Mojarra,,,,,,,,,,,,,
Gerres cinereus,276954,Gerres cinereus,Gerreidae,Gerres,Species,Yellowfin mojarra,Carnivore,3.5,Low,Subtropical,Panamic,"Reef, freshwater, estuarine, nearshore",0.14,0.41,LC,0.234,2.82,TL,1.217
Gerres simillimus,713356,Gerres simillimus,Gerreidae,Gerres,Species,Yellowfin mojarra,Carnivore,3.4,No,Tropical,Eastern Pacific,Reef,0.14,0.41,LC,0.0098,3.07,TL,1.217
Girella freminvilli,280861,Girella freminvillii,Kyphosidae,Girella,Species,Dusky sea chub,Carnivore,2,No,Tropical,Endemic,"Reef, nearshore",0.15,0.45,LC,0.01514,3.06,TL,1.002
Gnathanodon speciosus,218429,Gnathanodon speciosus,Carangidae,Gnathanodon,Species,Golden trevally,Carnivore,3.8,No,Tropical,Eastern Pacific,Reef,0.4,1.2,LC,0.0195,3,FL,1
Gobiidae sp,125537,Gobiidae sp,Gobiidae,NA,Family,Gobies,,,,,,,,,,,,,
Gymnothorax dovii,271831,Gymnothorax dovii,Muraenidae,Gymnothorax,Species,Finespotted moray,Carnivore,4.3,No,Tropical,Panamic,"Bottom-dweller, nearshore",0.57,1.7,LC,0.00091,3.11,TL,1
Haemulidae sp,125538,Haemulidae sp,Haemulidae,NA,Family,Grunt,,,,,,,,,,,,,
Haemulon scudderii,275734,Haemulon scudderii,Haemulidae,Haemulon,Species,Grey grunt,Carnivore,4.2,Medium,Tropical,Panamic,Reef,0.12,0.35,LC,0.01549,3.01,TL,1.075
Haemulon sexfasciatum,275736,Haemulon sexfasciatum,Haemulidae,Haemulon,Species,Greybar grunt,Carnivore,4.2,No,Tropical,Panamic,Reef,0.24,0.71,LC,0.081,2.71,FL,1
Haemulon sp,158806,Haemulon sp,Haemulidae,Haemulon,Genus,Grunt,,,,,,,,,,,,,
Haemulon steindachneri,275738,Haemulon steindachneri,Haemulidae,Haemulon,Species,Chere-chere grunt,Carnivore,3.7,No,Tropical,Western Atlantic,Reef,0.1,0.3,LC,0.039,2.91,SL,0.925
Halichoeres dispilus,275763,Halichoeres dispilus,Labridae,Halichoeres,Species,Chaemeleon wrasse,Carnivore,3.9,No,Tropical,Panamic,Reef,0.08,0.25,LC,0.0049,3.11,TL,1
Halichoeres melanotis,275775,Halichoeres melanotis,Labridae,Halichoeres,Species,Golden wrasse,Carnivore,3.5,No,Tropical,Eastern Central Pacific,Reef,0.04,0.13,LC,0.01,3.08,TL,1
Halichoeres nicholsi,275780,Halichoeres nicholsi,Labridae,Halichoeres,Species,Spinster wrasse,Carnivore,4,No,Tropical,Panamic,Reef,0.13,0.38,LC,0.01,3.08,TL,1
Halichoeres notospilus,275781,Halichoeres notospilus,Labridae,Halichoeres,Species,Banded wrasse,Carnivore,3.5,No,Tropical,Panamic,"Reef, nearshore",0.08,0.25,LC,0.01,3.08,TL,1
Halichoeres sp,158813,Halichoeres sp,Labridae,Halichoeres,Genus,Wrasses,,,,,,,,,,,,,
Hemiramphus sp,125695,Hemiramphus sp,Hemiramphidae,Hemiramphus,Genus,Halfbeaks,,,,,,,,,,,,,
Holacanthus passer,276016,Holacanthus passer,Pomacanthidae,Holacanthus,Species,King angelfish,Carnivore,2.6,No,Tropical,Panamic,Reef,0.12,0.36,LC,0.0271,3.084,TL,1
Hoplopagrus guentherii,281087,Hoplopagrus guentherii,Lutjanidae,Hoplopagrus,Species,Barred snapper,Carnivore,3.8,Low,Tropical,Panamic,Nearshore,0.31,0.92,LC,0.0228,3,TL,1.04
Johnrandallia nigrirostris,281202,Johnrandallia nigrirostris,Chaetodontidae,Johnrandallia,Species,Blacknosed butterflyfish,Carnivore,3,No,Tropical,Panamic,Reef,0.04,0.13,LC,0.021,3.215,TL,1
Kyphosidae sp,125540,Kyphosidae sp,Kyphosidae,NA,Family,Chub,,,,,,,,,,,,,
Kyphosus analogus,273519,Kyphosus analogus,Kyphosidae,Kyphosus,Species,Blue-bronze sea chub,Herbivore,2,No,Subtropical,Panamic,"Reef, benthopelagic",0.15,0.45,LC,0.01998,3.037,FL,1
Kyphosus elegans,273521,Kyphosus elegans,Kyphosidae,Kyphosus,Species,Cortez sea chub,Herbivore,2.9,No,Tropical,Panamic,Reef,0.18,0.53,LC,0.01998,3.037,FL,1
Kyphosus ocyurus,1018702,Kyphosus ocyurus,Kyphosidae,Kyphosus,Species,Bluestriped chub,Planktivore,3.5,NA,NA,NA,Pelagic,0.2,0.59,NE,0.01778,3.01,TL,1.174
Labridae sp,125541,Labridae sp,Labridae,NA,Family,Wrasses,,,,,,,,,,,,,
Labrisomus dendriticus,281250,Labrisomus dendriticus,Labrisomidae,Labrisomus,Species,Bravo clinid,Carnivore,4,No,Tropical,Eastern Pacific Oceanic Islands,Bottom-dweller,0.04,0.13,VU,0.0049,3.09,TL,1
Lepidonectes corallicola,281295,Lepidonectes corallicola,Tripterygiidae,Lepidonectes,Species,Galapagos triplefin blenny,Carnivore,NA,No,NA,NA,Reef,0.03,0.09,VU,0.0055,3.08,TL,1
Lutjanidae sp,151453,Lutjanidae sp,Lutjanidae,NA,Family,Snapper,,,,,,,,,,,,,
Lutjanus aratus,276523,Lutjanus aratus,Lutjanidae,Lutjanus,Species,Mullet snapper,Carnivore,4.1,Low,Tropical,Panamic,"Reef, Nearshore",0.33,1,LC,0.0126,3,TL,1.07
Lutjanus argentiventris,276524,Lutjanus argentiventris,Lutjanidae,Lutjanus,Species,Yellow snapper,Carnivore,4,Medium,Subtropical,Panamic,Reef,0.24,0.71,LC,0.026,2.9,SL,0.898
Lutjanus jordani,276541,Lutjanus jordani,Lutjanidae,Lutjanus,Species,Jordan's snapper,Carnivore,4.5,Medium,Tropical,Panamic,Reef,0.2,0.6,LC,0.01413,2.98,FL,1
Lutjanus novemfasciatus,276544,Lutjanus novemfasciatus,Lutjanidae,Lutjanus,Species,Pacific dog snapper,Apex,4.1,Medium,Tropical,Panamic,Reef,0.57,1.7,LC,0.01452,3,TL,1.04
Lutjanus sp,159791,Lutjanus sp,Lutjanidae,Lutjanus,Genus,Snapper,,,,,,,,,,,,,
Lutjanus viridis,276552,Lutjanus viridis,Lutjanidae,Lutjanus,Species,Blue & gold snapper,Carnivore,4.2,Low,Tropical,Panamic,Reef,0.1,0.3,LC,0.0117,3.136,FL,1
Malacoctenus tetranemus,281502,Malacoctenus tetranemus,Labrisomidae,Malacoctenus,Species,Throatspotted blenny,Carnivore,3.5,No,Tropical,Chilean,"Reef, bottom-dweller",0.03,0.08,LC,0.00955,3.04,TL,1
Manta birostris,1026118,Mobula birostris,Myliobatidae,Manta,Species,Giant manta,Planktivore,3.5,No,Subtropical,Circumtropical,"Reef, pelagic",0.3,0.91,VU,0.0102,3,DW,1
Melichthys niger,219881,Melichthys niger,Balistidae,Melichthys,Species,Black triggerfish,Planktivore,2.73,No,NA,NA,Reef,0.17,0.5,LC,0.0058,3.554,FL,1
Microspathodon bairdii,281570,Microspathodon bairdii,Pomacentridae,Microspathodon,Species,Bumphead damselfish,Carnivore,2.5,No,Tropical,Panamic,"Reef, nearshore",0.1,0.31,LC,0.02239,2.99,TL,1.072
Microspathodon dorsalis,281572,Microspathodon dorsalis,Pomacentridae,Microspathodon,Species,Giant damselfish,Herbivore,2.1,No,Tropical,Panamic,"Reef, nearshore",0.1,0.31,LC,0.0239,3.082,FL,1
Mugil cephalus,126983,Mugil cephalus,Mugilidae,Mugil,Species,Flathead grey mullet,Planktivore,2.5,No,Subtropical,Circumtropical,"Estuarine, nearshore, bentho-pelagic",0.3,0.91,LC,0.0288,2.7,TL,1.1
Mugil curema,159416,Mugil curema,Mugilidae,Mugil,Species,White mullet,Planktivore,2,No,Subtropical,Panamic/Western Atlantic,"Reef, estuarine, nearshore",0.3,0.9,LC,0.0107,2.98,TL,(FL-0.32)/0.9
Mugil galapagensis,273651,Mugil galapagensis,Mugilidae,Mugil,Species,Galapagos mullet,Planktivore,2.5,High,Tropical,Endemic,"Estuarine, nearshore",0.2,0.6,NE,0.01096,2.97,TL,1.1
Mugil sp,126032,Mugil sp,Mugilidae,Mugil,Genus,Mullet,,,,,,,,,,,,,
Mulloidichthys dentatus,277990,Mulloidichthys dentatus,Mullidae,Mulloidichthys,Species,Mexican goatfish,Carnivore,3.69,Medium,NA,NA,Reef,0.1,0.31,LC,0.0145,2.905,TL,1.13
Muraena clepsydra,271898,Muraena clepsydra,Muraenidae,Muraena,Species,Hourglass moray,Carnivore,4,No,Tropical,Panamic,"Bottom-dweller, nearshore",0.4,1.2,LC,0.00107,3.07,TL,1
Muraena lentiginosa,271900,Muraena lentiginosa,Muraenidae,Muraena,Species,Jewel moray,Carnivore,3.9,No,Tropical,Panamic,Reef,0.2,0.61,LC,0.00107,3.07,TL,1
Muraenidae sp,125431,Muraenidae sp,Muraenidae,NA,Family,Moray,,,,,,,,,,,,,
Mycteroperca olfax,273881,Mycteroperca olfax,Serranidae,Mycteroperca,Species,Sailfin grouper,Carnivore,4.5,High,Tropical,Eastern Pacific Oceanic Islands,"Deep water, nearshore",0.4,1.2,VU,0.00513,3.202,FL,1
Myliobatidae sp,105710,Myliobatidae sp,Myliobatidae,NA,Family,Ray,,,,,,,,,,,,,
Myrichthys tigrinus,275489,Myrichthys tigrinus,Ophichthidae,Myrichthys,Species,Spotted snake-eel,Carnivore,3.5,No,Tropical,Panamic/IndoWest Pacific,"Reef, nearshore",0.25,0.74,LC,0.00126,2.93,TL,1
Naso brevirostris,219671,Naso brevirostris,Acanthuridae,Naso,Species,Spotted unicornfish,Planktivore,2.22,No,NA,NA,Reef,0.2,0.6,LC,0.0602,2.743,SL,0.902
Naucrates ductor,126811,Naucrates ductor,Carangidae,Naucrates,Species,Pilotfish,Carnivore,4,No,Subtropical,Circumtropical,"Reef, pelagic, nearshore",0.23,0.7,LC,0.0147,3.04,FL,1
Nicholsina denticulata,276038,Nicholsina denticulata,Scaridae,Nicholsina,Species,Loosetooth parrotfish,Herbivore,2,No,Tropical,Panamic,"Reef, nearshore",0.11,0.32,LC,0.01096,3.08,TL,1
Odontoscion eurymesops,281838,Odontoscion eurymesops,Sciaenidae,Odontoscion,Species,Galapagos croaker,Carnivore,4.1,No,Tropical,Eastern Pacific Oceanic Islands,Nearshore,0.08,0.25,VU,0.00562,3.09,TL,1
Ophichthidae sp,125434,Ophichthidae sp,Ophichthidae,NA,Family,Snake eels,,,,,,,,,,,,,
Ophioblennius steindachneri,273126,Ophioblennius steindachneri,Blenniidae,Ophioblennius,Species,Large-banded blenny,Herbivore,2.7,No,Tropical,Panamic,Reef,0.06,0.18,LC,0.0115,2.933,TL,1
Orthopristis cantharinus,275740,Orthopristis cantharinus,Haemulidae,Orthopristis,Species,Sheephead grunt,Carnivore,3.5,No,Tropical,Panamic,Reef,0.13,0.38,DD,0.0138,2.99,TL,1.068
Orthopristis forbesi,275742,Orthopristis forbesi,Haemulidae,Orthopristis,Species,Forbes grunt,Carnivore,3.5,No,Tropical,Endemic,Reef,0.1,0.31,DD,0.0138,2.99,TL,1.06
Orthopristis lethopristis,275743,Orthopristis lethopristis,Haemulidae,Orthopristis,Species,Scalyfin grunt,Carnivore,3.5,No,Tropical,Endemic,Reef,0.08,0.24,DD,0.0138,2.99,TL,1.057
Orthopristis sp,158809,Orthopristis sp,Haemulidae,Orthopristis,Genus,Grunts,,,,,,,,,,,,,
Ostracion meleagris,219905,Ostracion meleagris,Ostraciidae,Ostracion,Species,Whitespotted meleagris,Carnivore,2.7,No,Tropical,Panamic/IndoWest Pacific,Reef,0.08,0.25,NE,0.03631,2.81,TL,1
Otariidae sp,231386,Otariidae sp,Otariidae,NA,Family,Sealions,,,,,,,,,,,,,
Panulirus gracilis,382895,Panulirus gracilis,Palinuridae,Panulirus,Species,Green spiny lobster,,NA,High,Tropical,Tropical Eastern Pacific,Neritic,NA,NA,DD,NA,NA,,
Paranthias colonus,282083,Paranthias colonus,Serranidae,Paranthias,Species,Pacific creolefish,Planktivore,3.8,Low,Tropical,Panamic/Western Atlantic,"Reef, nearshore",0.12,0.36,LC,0.0148,2.863,TL,1.195
Phalacrocorax harrisi,343946,Phalacrocorax harrisi,Phalacrocoracidae,Phalacrocorax,Species,Flightless cormorant,,NA,No,,Endemic,,NA,NA,VU,NA,NA,,
Plagiotremus azaleus,278234,Plagiotremus azaleus,Blenniidae,Plagiotremus,Species,Sabertooth blenny,Carnivore,4.4,No,Tropical,Panamic,Reef,0.03,0.1,LC,0.0055,3.05,TL,1.053
Pomacentridae sp,125553,Pomacentridae sp,Pomacentridae,NA,Family,Major,,,,,,,,,,,,,
Prionurus laticlavius,282346,Prionurus laticlavius,Acanthuridae,Prionurus,Species,Razor surgeonfish,Herbivore,2.72,No,Tropical,Panamic,Reef,0.2,0.6,LC,0.01995,3.01,FL,1
Pseudupeneus grandisquamis,273662,Pseudupeneus grandisquamis,Mullidae,Pseudupeneus,Species,Bigscale goatfish,Carnivore,3.4,No,Subtropical,Eastern Pacific,"Reef, nearshore",0.1,0.3,LC,0.0056,3.31,TL,1.138
Remora sp,125964,Remora sp,Echeneidae,Remora,Genus,Remora,,,,,,,,,,,,,
Remora albescens,302877,Remora albescens,Echeneidae,Remora,Species,White suckerfish,Carnivore,NA,No,NA,NA,Pelagic,0.1,0.3,LC,0.00275,3.15,TL,1.005
Remora remora,126853,Remora remora,Echeneidae,Remora,Species,Shark sucker,Carnivore,3,No,NA,NA,Reef,0.29,0.86,LC,0.00148,3,TL,1.057
Rhincodon typus,105847,Rhincodon typus,Rhincodontidae,Rhincodon,Species,Whale shark,Planktivore,3.76,No,NA,NA,Pelagic,5.67,17,EN,0.00425,3,TL,0.265+(1.063*FL)
Rhinoptera steindachneri,271498,Rhinoptera steindachneri,Myliobatidae,Rhinoptera,Species,Pacific cownose ray,Carnivore,3.6,No,Tropical,Panamic,"Reef, estuarine, nearshore",0.3,0.9,NT,0.01148,2.98,DW,1
Sarda orientalis,219713,Sarda orientalis,Scombridae,Sarda,Species,Striped bonito,Carnivore,4.21,Low,NA,NA,"Pelagic, neritic",0.34,1.02,LC,0.0217,2.87,FL,1
Scaridae sp,125557,Scaridae sp,Scaridae,NA,Family,Parrotfish,Herbivore,,,,,,,,,,,,
Scarus compressus,276043,Scarus compressus,Scaridae,Scarus,Species,Azure parrotfish,Herbivore,2,No,Tropical,Panamic,Reef,0.23,0.68,LC,0.01445,3.05,TL,1
Scarus ghobban,219127,Scarus ghobban,Scaridae,Scarus,Species,Blue-barred parrotfish,Herbivore,2,Low,Tropical,Panamic/IndoWest Pacific,Reef,0.3,0.9,LC,0.0165,3.0412,FL,1
Scarus perrico,276057,Scarus perrico,Scaridae,Scarus,Species,Bumphead parrotfish,Herbivore,2,No,Tropical,Panamic,Reef,0.25,0.76,LC,0.01148,3.09,TL,1
Scarus rubroviolaceus,219124,Scarus rubroviolaceus,Scaridae,Scarus,Species,Ember parrotfish,Herbivore,2,No,Tropical,Panamic/IndoWest Pacific,"Reef, nearshore",0.23,0.7,LC,0.0136,3.109,FL,1
Scarus sp,159299,Scarus sp,Scaridae,Scarus,Genus,Parrotfish,,,,,,,,,,,,,
Scomberomorus sierra,273821,Scomberomorus sierra,Scombridae,Scomberomorus,Species,Pacific sierra,Carnivore,4.5,SportsFishing,Tropical,Panamic,"Pelagic, neritic",0.33,0.99,LC,0.01,2.82,TL,0.029+(1.11*FL)
Scyllarides astori,382910,Scyllarides astori,Scyllaridae,Scyllarides,Species,Galapagos slipper lobster,,NA,High,,,,NA,NA,DD,NA,NA,,
Selar crumenophthalmus,159646,Selar crumenophthalmus,Carangidae,Selar,Species,Bigeye scad,Planktivore,3.8,No,Subtropical,Circumtropical,"Reef, pelagic, nearshore",0.23,0.7,LC,0.0059,3.23,TL,1.13
Seriola lalandi,218436,Seriola lalandi,Carangidae,Seriola,Species,Yellowtail amberjack,Carnivore,3.85,No,NA,NA,Benthopelagic,0.83,2.5,LC,0.0432,2.85,FL,1
Seriola rivoliana,126818,Seriola rivoliana,Carangidae,Seriola,Species,Longfin yellowtail,Apex,4.5,Medium,NA,NA,Reef,0.53,1.6,LC,0.0359,2.801,FL,1
Serranidae sp,125561,Serranidae sp,Serranidae,NA,Family,Serrano,,,,,,,,,,,,,
Serranus psittacinus,273904,Serranus psittacinus,Serranidae,Serranus,Species,Barred serrano,Carnivore,3.5,No,Tropical,Panamic,"Reef, nearshore",0.06,0.18,LC,0.01096,3.05,TL,1
Spheniscus mendiculus,344001,Spheniscus mendiculus,Spheniscidae,Spheniscus,Species,Galapagos Penguin,,NA,No,,Endemic,Upwelling areas,NA,NA,EN,NA,NA,,
Sphoeroides angusticeps,275271,Sphoeroides angusticeps,Tetraodontidae,Sphoeroides,Species,Narrow-headed puffer,Carnivore,3.5,No,Tropical,Endemic,Reef,0.08,0.25,LC,0.0257,2.88,TL,1
Sphoeroides annulatus,275272,Sphoeroides annulatus,Tetraodontidae,Sphoeroides,Species,Bullseye puffer,Carnivore,3.1,No,Subtropical,Panamic,"Reef, nearshore",0.15,0.44,LC,0.0427,2.8,TL,1
Sphyraena idiastes,273981,Sphyraena idiastes,Sphyraenidae,Sphyraena,Species,Pelican barracuda,Carnivore,4.5,Low,Tropical,Panamic/Chilean,"Reef, pelagic, nearshore",0.3,0.91,LC,0.00759,2.91,TL,1.1
Sphyrna lewini,105816,Sphyrna lewini,Sphyrnidae,Sphyrna,Species,Scalloped hammerhead,Apex,4.21,No,NA,NA,Pelagic,1.43,4.3,EN,0.00777,3.067,FL,1
Stegastes acapulcoensis,276658,Stegastes acapulcoensis,Pomacentridae,Stegastes,Species,Acapulco major,Herbivore,2,No,Tropical,Panamic,"Reef, nearshore",0.06,0.17,LC,0.01995,2.99,TL,1.082
Stegastes arcifrons,276662,Stegastes arcifrons,Pomacentridae,Stegastes,Species,Island major,Carnivore,3,No,Tropical,Panamic,"Reef, nearshore",0.05,0.16,LC,0.01995,2.99,TL,1.08
Stegastes beebei,276665,Stegastes beebei,Pomacentridae,Stegastes,Species,Southern whitetail major,Carnivore,3,No,Tropical,Panamic,"Reef, nearshore",0.05,0.15,VU,0.01995,2.99,TL,1.044
Stegastes sp,203822,Stegastes sp,Pomacentridae,Stegastes,Genus,Major,,,,,,,,,,,,,
Stethojulis bandanensis,277106,Stethojulis bandanensis,Labridae,Stethojulis,Species,Red shoulder wrasse,Carnivore,3.2,No,Tropical,Panamic/IndoWest Pacific,Reef,0.05,0.15,LC,0.03035,2.581,FL,1
Sufflamen verres,276853,Sufflamen verres,Balistidae,Sufflamen,Species,Orangeside triggerfish,Carnivore,3.3,No,Tropical,Panamic,Reef,0.13,0.4,LC,0.02865,2.966,FL,1
Taeniurops meyeni,217421,Taeniurops meyeni,Dasyatidae,Taeniurops,Species,Round ribbontail ray,Carnivore,4.2,No,Tropical,Eastern Pacific/Indo West Pacific,Reef,0.11,0.33,VU,0.0739,2.81,DW,1
Tetraodontidae sp,125612,Tetraodontidae sp,Tetraodontidae,NA,Family,Pufferfish,,,,,,,,,,,,,
Thalassoma grammaticum,273580,Thalassoma grammaticum,Labridae,Thalassoma,Species,Sunset wrasse,Carnivore,3.5,No,Tropical,Panamic,Reef,0.11,0.32,LC,0.00977,3.04,TL,1
Thalassoma lucasanum,273584,Thalassoma lucasanum,Labridae,Thalassoma,Species,Cortez rainbow wrasse,Carnivore,3.5,No,Tropical,Panamic,"Reef, nearshore",0.05,0.15,LC,0.0126,2.878,TL,1
Thunnus albacares,127027,Thunnus albacares,Scombridae,Thunnus,Species,Yellowfin tuna,Apex,4.48,High,NA,NA,Pelagic,0.8,2.39,NT,0.0216,2.981,TL,1.108
Trachinotus stilbe,273298,Trachinotus stilbe,Carangidae,Trachinotus,Species,Steel pompano,Carnivore,3.6,SportsFishing,Tropical,Panamic,"Pelagic, nearshore",0.13,0.38,LC,0.01288,2.97,TL,1.276
Triaenodon obesus,214557,Triaenodon obesus,Carcharhinidae,Triaenodon,Species,Whitetip reef shark,Apex,4.2,No,Tropical,Panamic/IndoWest Pacific,"Reef, pelagic",0.71,2.13,NT,0.0018,3.344,FL,1
Tursiops truncatus,137111,Tursiops truncatus,Delphinidae,Tursiops,Species,Common bottlenose dolphin,,NA,No,Tropical/Subtropical,Global,"Coastal, neritic, pelagic",NA,NA,LC,NA,NA,,
Uraspis helvola,218449,Uraspis helvola,Carangidae,Uraspis,Species,Whitetongue jack,Carnivore,3.78,No,NA,NA,Reef,0.19,0.58,LC,0.01349,2.96,TL,1.089
Xanthichthys mento,276247,Xanthichthys mento,Balistidae,Xanthichthys,Species,Redtail triggerfish,Planktivore,4,No,NA,NA,Reef,0.1,0.3,LC,0.02344,2.96,FL,1
Xenichthys agassizi,283175,Xenichthys agassizii,Haemulidae,Xenichthys,Species,White salema,Planktivore,3.4,Low,Tropical,Endemic,"Reef, nearshore",0.07,0.22,VU,0.0138,2.99,TL,1.046
Xenocys jessiae,283184,Xenocys jessiae,Haemulidae,Xenocys,Species,Blackstriped salema,Planktivore,3.4,Low,Tropical,Endemic,"Reef, nearshore",0.1,0.3,VU,0.00389,3.12,TL,1.06
Xenomugil thoburni,283187,Xenomugil thoburni,Mugilidae,Xenomugil,Species,Thoburn's mullet,Planktivore,2.3,Medium,Tropical,Panamic,"Pelagic, nearshore, estuarine",0.18,0.55,LC,0.01096,2.97,TL,1.1
Zalophus wollebaeki,255005,Zalophus wollebaeki,Otariidae,Zalophus,Species,Galapagos sea lion,,NA,No,,,,NA,NA,EN,NA,NA,,
Zanclus cornutus,220083,Zanclus cornutus,Zanclidae,Zanclus,Species,Moorish idol,Carnivore,2.49,No,NA,NA,Reef,0.08,0.23,LC,0.0147,3.37,FL,1
